graph,n,prc,phase_length,delay,initial_positions,converged,steps_to_converge,repeated,steps_to_repeat
cycle,1,x,10,0,random,1,3.0,0,
cycle,1,x,10,0,random,1,10.0,1,10.0
cycle,1,x,10,0,random,1,1.0,0,
cycle,1,x,10,0,random,1,10.0,1,10.0
cycle,1,x,10,0,random,1,8.0,0,
cycle,1,x,10,0,random,1,5.0,0,
cycle,1,x,10,0,random,1,8.0,0,
cycle,1,x,10,0,random,1,8.0,0,
cycle,1,x,10,0,random,1,10.0,1,10.0
cycle,1,x,10,0,random,1,9.0,0,
cycle,1,x,10,0,random,1,9.0,0,
cycle,1,x,10,0,random,1,8.0,0,
cycle,1,x,10,0,random,1,2.0,0,
cycle,1,x,10,0,random,1,4.0,0,
cycle,1,x,10,0,random,1,9.0,0,
cycle,1,x,10,0,random,1,10.0,1,10.0
cycle,1,x,10,0,random,1,2.0,0,
cycle,1,x,10,0,random,1,2.0,0,
cycle,1,x,10,0,random,1,2.0,0,
cycle,1,x,10,0,random,1,5.0,0,
cycle,1,x,10,0,random,1,8.0,0,
cycle,1,x,10,0,random,1,10.0,1,10.0
cycle,1,x,10,0,random,1,8.0,0,
cycle,1,x,10,0,random,1,5.0,0,
cycle,1,x,10,0,random,1,10.0,1,10.0
cycle,1,x,10,0,random,1,1.0,0,
cycle,1,x,10,0,random,1,1.0,0,
cycle,1,x,10,0,random,1,1.0,0,
cycle,1,x,10,0,random,1,8.0,0,
cycle,1,x,10,0,random,1,1.0,0,
cycle,1,x,10,0,random,1,10.0,1,10.0
cycle,1,x,10,0,random,1,2.0,0,
cycle,1,x,10,0,random,1,7.0,0,
cycle,1,x,10,0,random,1,10.0,1,10.0
cycle,1,x,10,0,random,1,10.0,1,10.0
cycle,1,x,10,0,random,1,3.0,0,
cycle,1,x,10,0,random,1,9.0,0,
cycle,1,x,10,0,random,1,5.0,0,
cycle,1,x,10,0,random,1,7.0,0,
cycle,1,x,10,0,random,1,4.0,0,
cycle,1,x,10,0,random,1,10.0,1,10.0
cycle,1,x,10,0,random,1,5.0,0,
cycle,1,x,10,0,random,1,1.0,0,
cycle,1,x,10,0,random,1,10.0,1,10.0
cycle,1,x,10,0,random,1,6.0,0,
cycle,1,x,10,0,random,1,4.0,0,
cycle,1,x,10,0,random,1,9.0,0,
cycle,1,x,10,0,random,1,4.0,0,
cycle,1,x,10,0,random,1,1.0,0,
cycle,1,x,10,0,random,1,9.0,0,
cycle,1,x,10,0,random,1,8.0,0,
cycle,1,x,10,0,random,1,10.0,1,10.0
cycle,1,x,10,0,random,1,10.0,1,10.0
cycle,1,x,10,0,random,1,9.0,0,
cycle,1,x,10,0,random,1,6.0,0,
cycle,1,x,10,0,random,1,3.0,0,
cycle,1,x,10,0,random,1,5.0,0,
cycle,1,x,10,0,random,1,3.0,0,
cycle,1,x,10,0,random,1,7.0,0,
cycle,1,x,10,0,random,1,8.0,0,
cycle,1,x,10,0,random,1,6.0,0,
cycle,1,x,10,0,random,1,10.0,1,10.0
cycle,1,x,10,0,random,1,1.0,0,
cycle,1,x,10,0,random,1,1.0,0,
cycle,1,x,10,0,random,1,2.0,0,
cycle,1,x,10,0,random,1,3.0,0,
cycle,1,x,10,0,random,1,7.0,0,
cycle,1,x,10,0,random,1,7.0,0,
cycle,1,x,10,0,random,1,7.0,0,
cycle,1,x,10,0,random,1,7.0,0,
cycle,1,x,10,0,random,1,1.0,0,
cycle,1,x,10,0,random,1,4.0,0,
cycle,1,x,10,0,random,1,2.0,0,
cycle,1,x,10,0,random,1,10.0,1,10.0
cycle,1,x,10,0,random,1,1.0,0,
cycle,1,x,10,0,random,1,3.0,0,
cycle,1,x,10,0,random,1,10.0,1,10.0
cycle,1,x,10,0,random,1,2.0,0,
cycle,1,x,10,0,random,1,6.0,0,
cycle,1,x,10,0,random,1,1.0,0,
cycle,1,x,10,0,random,1,10.0,1,10.0
cycle,1,x,10,0,random,1,7.0,0,
cycle,1,x,10,0,random,1,6.0,0,
cycle,1,x,10,0,random,1,7.0,0,
cycle,1,x,10,0,random,1,3.0,0,
cycle,1,x,10,0,random,1,10.0,1,10.0
cycle,1,x,10,0,random,1,2.0,0,
cycle,1,x,10,0,random,1,7.0,0,
cycle,1,x,10,0,random,1,4.0,0,
cycle,1,x,10,0,random,1,1.0,0,
cycle,1,x,10,0,random,1,2.0,0,
cycle,1,x,10,0,random,1,2.0,0,
cycle,1,x,10,0,random,1,10.0,1,10.0
cycle,1,x,10,0,random,1,5.0,0,
cycle,1,x,10,0,random,1,2.0,0,
cycle,1,x,10,0,random,1,8.0,0,
cycle,1,x,10,0,random,1,6.0,0,
cycle,1,x,10,0,random,1,5.0,0,
cycle,1,x,10,0,random,1,1.0,0,
cycle,1,x,10,0,random,1,8.0,0,
cycle,2,x,10,0,random,1,7.0,0,
cycle,2,x,10,0,random,1,14.0,0,
cycle,2,x,10,0,random,1,8.0,0,
cycle,2,x,10,0,random,1,4.0,0,
cycle,2,x,10,0,random,1,15.0,0,
cycle,2,x,10,0,random,1,3.0,0,
cycle,2,x,10,0,random,1,6.0,0,
cycle,2,x,10,0,random,1,11.0,0,
cycle,2,x,10,0,random,1,8.0,0,
cycle,2,x,10,0,random,1,1.0,0,
cycle,2,x,10,0,random,1,4.0,0,
cycle,2,x,10,0,random,1,4.0,0,
cycle,2,x,10,0,random,1,9.0,0,
cycle,2,x,10,0,random,1,10.0,0,
cycle,2,x,10,0,random,1,4.0,0,
cycle,2,x,10,0,random,1,8.0,0,
cycle,2,x,10,0,random,1,2.0,0,
cycle,2,x,10,0,random,1,2.0,0,
cycle,2,x,10,0,random,1,4.0,0,
cycle,2,x,10,0,random,1,10.0,0,
cycle,2,x,10,0,random,1,5.0,0,
cycle,2,x,10,0,random,1,12.0,0,
cycle,2,x,10,0,random,1,8.0,0,
cycle,2,x,10,0,random,1,7.0,0,
cycle,2,x,10,0,random,1,10.0,0,
cycle,2,x,10,0,random,1,14.0,0,
cycle,2,x,10,0,random,1,1.0,0,
cycle,2,x,10,0,random,1,3.0,0,
cycle,2,x,10,0,random,1,3.0,0,
cycle,2,x,10,0,random,1,5.0,0,
cycle,2,x,10,0,random,1,1.0,0,
cycle,2,x,10,0,random,1,1.0,0,
cycle,2,x,10,0,random,1,4.0,0,
cycle,2,x,10,0,random,1,2.0,0,
cycle,2,x,10,0,random,1,2.0,0,
cycle,2,x,10,0,random,1,9.0,0,
cycle,2,x,10,0,random,1,4.0,0,
cycle,2,x,10,0,random,1,1.0,0,
cycle,2,x,10,0,random,1,1.0,0,
cycle,2,x,10,0,random,1,5.0,0,
cycle,2,x,10,0,random,1,2.0,0,
cycle,2,x,10,0,random,1,8.0,0,
cycle,2,x,10,0,random,1,7.0,0,
cycle,2,x,10,0,random,1,5.0,0,
cycle,2,x,10,0,random,1,8.0,0,
cycle,2,x,10,0,random,1,9.0,0,
cycle,2,x,10,0,random,1,7.0,0,
cycle,2,x,10,0,random,1,2.0,0,
cycle,2,x,10,0,random,1,8.0,0,
cycle,2,x,10,0,random,1,3.0,0,
cycle,2,x,10,0,random,1,1.0,0,
cycle,2,x,10,0,random,1,1.0,0,
cycle,2,x,10,0,random,1,2.0,0,
cycle,2,x,10,0,random,1,5.0,0,
cycle,2,x,10,0,random,1,4.0,0,
cycle,2,x,10,0,random,1,8.0,0,
cycle,2,x,10,0,random,1,6.0,0,
cycle,2,x,10,0,random,1,2.0,0,
cycle,2,x,10,0,random,1,1.0,0,
cycle,2,x,10,0,random,1,4.0,0,
cycle,2,x,10,0,random,1,6.0,0,
cycle,2,x,10,0,random,1,2.0,0,
cycle,2,x,10,0,random,1,5.0,0,
cycle,2,x,10,0,random,1,5.0,0,
cycle,2,x,10,0,random,1,4.0,0,
cycle,2,x,10,0,random,1,14.0,0,
cycle,2,x,10,0,random,1,7.0,0,
cycle,2,x,10,0,random,1,2.0,0,
cycle,2,x,10,0,random,1,11.0,0,
cycle,2,x,10,0,random,1,4.0,0,
cycle,2,x,10,0,random,1,7.0,0,
cycle,2,x,10,0,random,1,11.0,0,
cycle,2,x,10,0,random,1,4.0,0,
cycle,2,x,10,0,random,1,1.0,0,
cycle,2,x,10,0,random,1,10.0,1,10.0
cycle,2,x,10,0,random,1,7.0,0,
cycle,2,x,10,0,random,1,12.0,0,
cycle,2,x,10,0,random,1,2.0,0,
cycle,2,x,10,0,random,1,8.0,0,
cycle,2,x,10,0,random,1,9.0,0,
cycle,2,x,10,0,random,1,1.0,0,
cycle,2,x,10,0,random,1,5.0,0,
cycle,2,x,10,0,random,1,6.0,0,
cycle,2,x,10,0,random,1,5.0,0,
cycle,2,x,10,0,random,1,9.0,0,
cycle,2,x,10,0,random,1,1.0,0,
cycle,2,x,10,0,random,1,6.0,0,
cycle,2,x,10,0,random,1,10.0,1,10.0
cycle,2,x,10,0,random,1,3.0,0,
cycle,2,x,10,0,random,1,8.0,0,
cycle,2,x,10,0,random,1,15.0,0,
cycle,2,x,10,0,random,1,9.0,0,
cycle,2,x,10,0,random,1,3.0,0,
cycle,2,x,10,0,random,1,4.0,0,
cycle,2,x,10,0,random,1,4.0,0,
cycle,2,x,10,0,random,1,3.0,0,
cycle,2,x,10,0,random,1,1.0,0,
cycle,2,x,10,0,random,1,1.0,0,
cycle,2,x,10,0,random,1,3.0,0,
cycle,2,x,10,0,random,1,1.0,0,
cycle,3,x,10,0,random,1,9.0,0,
cycle,3,x,10,0,random,1,3.0,0,
cycle,3,x,10,0,random,1,11.0,0,
cycle,3,x,10,0,random,1,4.0,0,
cycle,3,x,10,0,random,1,9.0,0,
cycle,3,x,10,0,random,1,1.0,0,
cycle,3,x,10,0,random,1,3.0,0,
cycle,3,x,10,0,random,1,1.0,0,
cycle,3,x,10,0,random,1,5.0,0,
cycle,3,x,10,0,random,1,14.0,0,
cycle,3,x,10,0,random,1,2.0,0,
cycle,3,x,10,0,random,1,2.0,0,
cycle,3,x,10,0,random,1,12.0,0,
cycle,3,x,10,0,random,1,5.0,0,
cycle,3,x,10,0,random,1,2.0,0,
cycle,3,x,10,0,random,1,1.0,0,
cycle,3,x,10,0,random,1,9.0,0,
cycle,3,x,10,0,random,1,6.0,0,
cycle,3,x,10,0,random,1,4.0,0,
cycle,3,x,10,0,random,1,7.0,0,
cycle,3,x,10,0,random,1,7.0,0,
cycle,3,x,10,0,random,1,1.0,0,
cycle,3,x,10,0,random,1,3.0,0,
cycle,3,x,10,0,random,1,15.0,0,
cycle,3,x,10,0,random,1,9.0,0,
cycle,3,x,10,0,random,1,13.0,0,
cycle,3,x,10,0,random,1,4.0,0,
cycle,3,x,10,0,random,1,10.0,0,
cycle,3,x,10,0,random,1,10.0,0,
cycle,3,x,10,0,random,1,10.0,0,
cycle,3,x,10,0,random,1,4.0,0,
cycle,3,x,10,0,random,1,2.0,0,
cycle,3,x,10,0,random,1,7.0,0,
cycle,3,x,10,0,random,1,1.0,0,
cycle,3,x,10,0,random,1,14.0,0,
cycle,3,x,10,0,random,1,3.0,0,
cycle,3,x,10,0,random,1,13.0,0,
cycle,3,x,10,0,random,1,7.0,0,
cycle,3,x,10,0,random,1,5.0,0,
cycle,3,x,10,0,random,1,14.0,0,
cycle,3,x,10,0,random,1,13.0,0,
cycle,3,x,10,0,random,1,2.0,0,
cycle,3,x,10,0,random,1,6.0,0,
cycle,3,x,10,0,random,1,6.0,0,
cycle,3,x,10,0,random,1,3.0,0,
cycle,3,x,10,0,random,1,4.0,0,
cycle,3,x,10,0,random,1,8.0,0,
cycle,3,x,10,0,random,1,11.0,0,
cycle,3,x,10,0,random,1,9.0,0,
cycle,3,x,10,0,random,1,4.0,0,
cycle,3,x,10,0,random,1,4.0,0,
cycle,3,x,10,0,random,1,6.0,0,
cycle,3,x,10,0,random,1,6.0,0,
cycle,3,x,10,0,random,1,4.0,0,
cycle,3,x,10,0,random,1,9.0,0,
cycle,3,x,10,0,random,1,6.0,0,
cycle,3,x,10,0,random,1,12.0,0,
cycle,3,x,10,0,random,1,7.0,0,
cycle,3,x,10,0,random,1,2.0,0,
cycle,3,x,10,0,random,1,9.0,0,
cycle,3,x,10,0,random,1,3.0,0,
cycle,3,x,10,0,random,1,3.0,0,
cycle,3,x,10,0,random,1,9.0,0,
cycle,3,x,10,0,random,1,5.0,0,
cycle,3,x,10,0,random,1,1.0,0,
cycle,3,x,10,0,random,1,1.0,0,
cycle,3,x,10,0,random,1,9.0,0,
cycle,3,x,10,0,random,1,7.0,0,
cycle,3,x,10,0,random,1,2.0,0,
cycle,3,x,10,0,random,1,6.0,0,
cycle,3,x,10,0,random,1,9.0,0,
cycle,3,x,10,0,random,1,13.0,0,
cycle,3,x,10,0,random,1,7.0,0,
cycle,3,x,10,0,random,1,5.0,0,
cycle,3,x,10,0,random,1,3.0,0,
cycle,3,x,10,0,random,1,12.0,0,
cycle,3,x,10,0,random,1,8.0,0,
cycle,3,x,10,0,random,1,10.0,0,
cycle,3,x,10,0,random,1,10.0,0,
cycle,3,x,10,0,random,1,15.0,0,
cycle,3,x,10,0,random,1,5.0,0,
cycle,3,x,10,0,random,1,3.0,0,
cycle,3,x,10,0,random,1,5.0,0,
cycle,3,x,10,0,random,1,4.0,0,
cycle,3,x,10,0,random,1,9.0,0,
cycle,3,x,10,0,random,1,9.0,0,
cycle,3,x,10,0,random,1,1.0,0,
cycle,3,x,10,0,random,1,5.0,0,
cycle,3,x,10,0,random,1,9.0,0,
cycle,3,x,10,0,random,1,3.0,0,
cycle,3,x,10,0,random,1,7.0,0,
cycle,3,x,10,0,random,1,7.0,0,
cycle,3,x,10,0,random,1,6.0,0,
cycle,3,x,10,0,random,1,7.0,0,
cycle,3,x,10,0,random,1,4.0,0,
cycle,3,x,10,0,random,1,5.0,0,
cycle,3,x,10,0,random,1,10.0,0,
cycle,3,x,10,0,random,1,4.0,0,
cycle,3,x,10,0,random,1,12.0,0,
cycle,3,x,10,0,random,1,2.0,0,
cycle,4,x,10,0,random,1,3.0,0,
cycle,4,x,10,0,random,1,5.0,0,
cycle,4,x,10,0,random,0,,1,25.0
cycle,4,x,10,0,random,1,15.0,0,
cycle,4,x,10,0,random,0,,1,34.0
cycle,4,x,10,0,random,1,20.0,0,
cycle,4,x,10,0,random,1,13.0,0,
cycle,4,x,10,0,random,0,,1,43.0
cycle,4,x,10,0,random,1,18.0,0,
cycle,4,x,10,0,random,1,20.0,0,
cycle,4,x,10,0,random,0,,1,33.0
cycle,4,x,10,0,random,1,18.0,0,
cycle,4,x,10,0,random,1,18.0,0,
cycle,4,x,10,0,random,0,,1,26.0
cycle,4,x,10,0,random,1,16.0,0,
cycle,4,x,10,0,random,1,2.0,0,
cycle,4,x,10,0,random,1,10.0,0,
cycle,4,x,10,0,random,0,,1,37.0
cycle,4,x,10,0,random,1,10.0,0,
cycle,4,x,10,0,random,1,9.0,0,
cycle,4,x,10,0,random,1,16.0,0,
cycle,4,x,10,0,random,0,,1,35.0
cycle,4,x,10,0,random,1,15.0,0,
cycle,4,x,10,0,random,1,7.0,0,
cycle,4,x,10,0,random,0,,1,15.0
cycle,4,x,10,0,random,0,,1,40.0
cycle,4,x,10,0,random,0,,1,35.0
cycle,4,x,10,0,random,0,,1,14.0
cycle,4,x,10,0,random,1,15.0,0,
cycle,4,x,10,0,random,0,,1,16.0
cycle,4,x,10,0,random,0,,1,12.0
cycle,4,x,10,0,random,0,,1,43.0
cycle,4,x,10,0,random,0,,1,14.0
cycle,4,x,10,0,random,1,3.0,0,
cycle,4,x,10,0,random,0,,1,34.0
cycle,4,x,10,0,random,1,15.0,0,
cycle,4,x,10,0,random,0,,1,39.0
cycle,4,x,10,0,random,0,,1,33.0
cycle,4,x,10,0,random,1,2.0,0,
cycle,4,x,10,0,random,0,,1,38.0
cycle,4,x,10,0,random,1,17.0,0,
cycle,4,x,10,0,random,0,,1,27.0
cycle,4,x,10,0,random,0,,1,28.0
cycle,4,x,10,0,random,1,21.0,0,
cycle,4,x,10,0,random,1,3.0,0,
cycle,4,x,10,0,random,1,7.0,0,
cycle,4,x,10,0,random,1,24.0,0,
cycle,4,x,10,0,random,1,14.0,0,
cycle,4,x,10,0,random,0,,1,34.0
cycle,4,x,10,0,random,1,18.0,0,
cycle,4,x,10,0,random,1,19.0,0,
cycle,4,x,10,0,random,1,12.0,0,
cycle,4,x,10,0,random,1,11.0,0,
cycle,4,x,10,0,random,1,4.0,0,
cycle,4,x,10,0,random,1,1.0,0,
cycle,4,x,10,0,random,1,19.0,0,
cycle,4,x,10,0,random,0,,1,36.0
cycle,4,x,10,0,random,1,2.0,0,
cycle,4,x,10,0,random,1,14.0,0,
cycle,4,x,10,0,random,1,11.0,0,
cycle,4,x,10,0,random,1,12.0,0,
cycle,4,x,10,0,random,1,10.0,0,
cycle,4,x,10,0,random,1,9.0,0,
cycle,4,x,10,0,random,0,,1,35.0
cycle,4,x,10,0,random,1,10.0,0,
cycle,4,x,10,0,random,0,,1,31.0
cycle,4,x,10,0,random,1,12.0,0,
cycle,4,x,10,0,random,1,7.0,0,
cycle,4,x,10,0,random,0,,1,37.0
cycle,4,x,10,0,random,1,11.0,0,
cycle,4,x,10,0,random,0,,1,27.0
cycle,4,x,10,0,random,1,21.0,0,
cycle,4,x,10,0,random,1,18.0,0,
cycle,4,x,10,0,random,1,14.0,0,
cycle,4,x,10,0,random,0,,1,37.0
cycle,4,x,10,0,random,0,,1,25.0
cycle,4,x,10,0,random,0,,1,35.0
cycle,4,x,10,0,random,1,17.0,0,
cycle,4,x,10,0,random,0,,1,37.0
cycle,4,x,10,0,random,0,,1,27.0
cycle,4,x,10,0,random,1,5.0,0,
cycle,4,x,10,0,random,0,,1,39.0
cycle,4,x,10,0,random,1,14.0,0,
cycle,4,x,10,0,random,1,9.0,0,
cycle,4,x,10,0,random,1,7.0,0,
cycle,4,x,10,0,random,1,19.0,0,
cycle,4,x,10,0,random,1,14.0,0,
cycle,4,x,10,0,random,1,11.0,0,
cycle,4,x,10,0,random,0,,1,26.0
cycle,4,x,10,0,random,1,24.0,0,
cycle,4,x,10,0,random,1,8.0,0,
cycle,4,x,10,0,random,0,,1,34.0
cycle,4,x,10,0,random,0,,1,33.0
cycle,4,x,10,0,random,1,4.0,0,
cycle,4,x,10,0,random,0,,1,33.0
cycle,4,x,10,0,random,1,21.0,0,
cycle,4,x,10,0,random,1,9.0,0,
cycle,4,x,10,0,random,1,15.0,0,
cycle,4,x,10,0,random,1,9.0,0,
cycle,4,x,10,0,random,1,18.0,0,
cycle,5,x,10,0,random,0,,1,18.0
cycle,5,x,10,0,random,0,,1,32.0
cycle,5,x,10,0,random,0,,1,33.0
cycle,5,x,10,0,random,1,25.0,0,
cycle,5,x,10,0,random,0,,1,38.0
cycle,5,x,10,0,random,0,,1,66.0
cycle,5,x,10,0,random,0,,1,21.0
cycle,5,x,10,0,random,1,24.0,0,
cycle,5,x,10,0,random,1,3.0,0,
cycle,5,x,10,0,random,0,,1,14.0
cycle,5,x,10,0,random,1,26.0,0,
cycle,5,x,10,0,random,0,,1,25.0
cycle,5,x,10,0,random,0,,1,39.0
cycle,5,x,10,0,random,0,,1,24.0
cycle,5,x,10,0,random,0,,1,24.0
cycle,5,x,10,0,random,0,,1,39.0
cycle,5,x,10,0,random,0,,1,25.0
cycle,5,x,10,0,random,0,,1,56.0
cycle,5,x,10,0,random,0,,1,26.0
cycle,5,x,10,0,random,0,,1,47.0
cycle,5,x,10,0,random,0,,1,38.0
cycle,5,x,10,0,random,0,,1,21.0
cycle,5,x,10,0,random,0,,1,37.0
cycle,5,x,10,0,random,0,,1,19.0
cycle,5,x,10,0,random,1,15.0,0,
cycle,5,x,10,0,random,1,23.0,0,
cycle,5,x,10,0,random,1,3.0,0,
cycle,5,x,10,0,random,1,10.0,0,
cycle,5,x,10,0,random,0,,1,26.0
cycle,5,x,10,0,random,0,,1,38.0
cycle,5,x,10,0,random,0,,1,47.0
cycle,5,x,10,0,random,1,26.0,0,
cycle,5,x,10,0,random,1,14.0,0,
cycle,5,x,10,0,random,0,,1,21.0
cycle,5,x,10,0,random,1,2.0,0,
cycle,5,x,10,0,random,0,,1,35.0
cycle,5,x,10,0,random,1,22.0,0,
cycle,5,x,10,0,random,0,,1,24.0
cycle,5,x,10,0,random,0,,1,15.0
cycle,5,x,10,0,random,1,13.0,0,
cycle,5,x,10,0,random,1,27.0,0,
cycle,5,x,10,0,random,0,,1,22.0
cycle,5,x,10,0,random,0,,1,59.0
cycle,5,x,10,0,random,0,,1,27.0
cycle,5,x,10,0,random,0,,1,31.0
cycle,5,x,10,0,random,0,,1,26.0
cycle,5,x,10,0,random,0,,1,36.0
cycle,5,x,10,0,random,0,,1,20.0
cycle,5,x,10,0,random,0,,1,47.0
cycle,5,x,10,0,random,1,20.0,0,
cycle,5,x,10,0,random,1,20.0,0,
cycle,5,x,10,0,random,1,9.0,0,
cycle,5,x,10,0,random,1,19.0,0,
cycle,5,x,10,0,random,0,,1,28.0
cycle,5,x,10,0,random,1,24.0,0,
cycle,5,x,10,0,random,0,,1,39.0
cycle,5,x,10,0,random,0,,1,37.0
cycle,5,x,10,0,random,1,11.0,0,
cycle,5,x,10,0,random,1,12.0,0,
cycle,5,x,10,0,random,1,4.0,0,
cycle,5,x,10,0,random,0,,1,42.0
cycle,5,x,10,0,random,0,,1,21.0
cycle,5,x,10,0,random,1,3.0,0,
cycle,5,x,10,0,random,0,,1,16.0
cycle,5,x,10,0,random,0,,1,17.0
cycle,5,x,10,0,random,0,,1,36.0
cycle,5,x,10,0,random,0,,1,25.0
cycle,5,x,10,0,random,0,,1,21.0
cycle,5,x,10,0,random,0,,1,27.0
cycle,5,x,10,0,random,0,,1,59.0
cycle,5,x,10,0,random,1,13.0,0,
cycle,5,x,10,0,random,1,27.0,0,
cycle,5,x,10,0,random,1,1.0,0,
cycle,5,x,10,0,random,1,17.0,0,
cycle,5,x,10,0,random,1,15.0,0,
cycle,5,x,10,0,random,0,,1,29.0
cycle,5,x,10,0,random,0,,1,31.0
cycle,5,x,10,0,random,0,,1,56.0
cycle,5,x,10,0,random,1,13.0,0,
cycle,5,x,10,0,random,1,11.0,0,
cycle,5,x,10,0,random,0,,1,19.0
cycle,5,x,10,0,random,0,,1,39.0
cycle,5,x,10,0,random,1,26.0,0,
cycle,5,x,10,0,random,0,,1,35.0
cycle,5,x,10,0,random,1,21.0,0,
cycle,5,x,10,0,random,1,14.0,0,
cycle,5,x,10,0,random,1,11.0,0,
cycle,5,x,10,0,random,0,,1,27.0
cycle,5,x,10,0,random,1,8.0,0,
cycle,5,x,10,0,random,0,,1,35.0
cycle,5,x,10,0,random,0,,1,24.0
cycle,5,x,10,0,random,0,,1,22.0
cycle,5,x,10,0,random,0,,1,36.0
cycle,5,x,10,0,random,0,,1,27.0
cycle,5,x,10,0,random,1,2.0,0,
cycle,5,x,10,0,random,0,,1,28.0
cycle,5,x,10,0,random,0,,1,26.0
cycle,5,x,10,0,random,1,13.0,0,
cycle,5,x,10,0,random,0,,1,27.0
cycle,5,x,10,0,random,1,9.0,0,
cycle,6,x,10,0,random,0,,1,53.0
cycle,6,x,10,0,random,0,,1,66.0
cycle,6,x,10,0,random,1,18.0,0,
cycle,6,x,10,0,random,0,,1,97.0
cycle,6,x,10,0,random,1,7.0,0,
cycle,6,x,10,0,random,0,,1,74.0
cycle,6,x,10,0,random,0,,1,98.0
cycle,6,x,10,0,random,0,,1,38.0
cycle,6,x,10,0,random,0,,1,30.0
cycle,6,x,10,0,random,0,,1,104.0
cycle,6,x,10,0,random,0,,1,111.0
cycle,6,x,10,0,random,0,,1,74.0
cycle,6,x,10,0,random,0,,1,65.0
cycle,6,x,10,0,random,0,,1,31.0
cycle,6,x,10,0,random,0,,1,80.0
cycle,6,x,10,0,random,0,,1,102.0
cycle,6,x,10,0,random,1,15.0,0,
cycle,6,x,10,0,random,0,,1,71.0
cycle,6,x,10,0,random,1,10.0,0,
cycle,6,x,10,0,random,1,2.0,0,
cycle,6,x,10,0,random,1,11.0,0,
cycle,6,x,10,0,random,1,13.0,0,
cycle,6,x,10,0,random,0,,1,37.0
cycle,6,x,10,0,random,0,,1,28.0
cycle,6,x,10,0,random,1,17.0,0,
cycle,6,x,10,0,random,0,,1,29.0
cycle,6,x,10,0,random,0,,1,66.0
cycle,6,x,10,0,random,0,,1,37.0
cycle,6,x,10,0,random,0,,1,138.0
cycle,6,x,10,0,random,0,,1,128.0
cycle,6,x,10,0,random,0,,1,25.0
cycle,6,x,10,0,random,1,3.0,0,
cycle,6,x,10,0,random,1,22.0,0,
cycle,6,x,10,0,random,1,10.0,0,
cycle,6,x,10,0,random,0,,1,136.0
cycle,6,x,10,0,random,1,15.0,0,
cycle,6,x,10,0,random,0,,1,80.0
cycle,6,x,10,0,random,0,,1,32.0
cycle,6,x,10,0,random,0,,1,88.0
cycle,6,x,10,0,random,1,31.0,0,
cycle,6,x,10,0,random,1,19.0,0,
cycle,6,x,10,0,random,0,,1,150.0
cycle,6,x,10,0,random,1,4.0,0,
cycle,6,x,10,0,random,0,,1,90.0
cycle,6,x,10,0,random,0,,1,84.0
cycle,6,x,10,0,random,1,20.0,0,
cycle,6,x,10,0,random,0,,1,64.0
cycle,6,x,10,0,random,1,13.0,0,
cycle,6,x,10,0,random,0,,1,86.0
cycle,6,x,10,0,random,0,,1,73.0
cycle,6,x,10,0,random,1,4.0,0,
cycle,6,x,10,0,random,0,,1,126.0
cycle,6,x,10,0,random,0,,1,20.0
cycle,6,x,10,0,random,0,,1,61.0
cycle,6,x,10,0,random,0,,1,31.0
cycle,6,x,10,0,random,0,,1,29.0
cycle,6,x,10,0,random,0,,1,30.0
cycle,6,x,10,0,random,0,,1,137.0
cycle,6,x,10,0,random,0,,1,69.0
cycle,6,x,10,0,random,0,,1,16.0
cycle,6,x,10,0,random,1,5.0,0,
cycle,6,x,10,0,random,0,,1,26.0
cycle,6,x,10,0,random,0,,1,78.0
cycle,6,x,10,0,random,0,,1,129.0
cycle,6,x,10,0,random,0,,1,76.0
cycle,6,x,10,0,random,0,,1,72.0
cycle,6,x,10,0,random,1,20.0,0,
cycle,6,x,10,0,random,1,23.0,0,
cycle,6,x,10,0,random,0,,1,84.0
cycle,6,x,10,0,random,1,9.0,0,
cycle,6,x,10,0,random,0,,1,72.0
cycle,6,x,10,0,random,0,,1,119.0
cycle,6,x,10,0,random,1,24.0,0,
cycle,6,x,10,0,random,0,,1,88.0
cycle,6,x,10,0,random,0,,1,29.0
cycle,6,x,10,0,random,0,,1,72.0
cycle,6,x,10,0,random,1,29.0,0,
cycle,6,x,10,0,random,0,,1,79.0
cycle,6,x,10,0,random,0,,1,31.0
cycle,6,x,10,0,random,0,,1,67.0
cycle,6,x,10,0,random,0,,1,64.0
cycle,6,x,10,0,random,0,,1,74.0
cycle,6,x,10,0,random,1,25.0,0,
cycle,6,x,10,0,random,1,22.0,0,
cycle,6,x,10,0,random,1,11.0,0,
cycle,6,x,10,0,random,0,,1,99.0
cycle,6,x,10,0,random,0,,1,74.0
cycle,6,x,10,0,random,1,24.0,0,
cycle,6,x,10,0,random,0,,1,111.0
cycle,6,x,10,0,random,0,,1,99.0
cycle,6,x,10,0,random,0,,1,27.0
cycle,6,x,10,0,random,1,4.0,0,
cycle,6,x,10,0,random,1,4.0,0,
cycle,6,x,10,0,random,0,,1,85.0
cycle,6,x,10,0,random,0,,1,34.0
cycle,6,x,10,0,random,0,,1,105.0
cycle,6,x,10,0,random,0,,1,74.0
cycle,6,x,10,0,random,0,,1,64.0
cycle,6,x,10,0,random,0,,1,125.0
cycle,6,x,10,0,random,1,1.0,0,
cycle,7,x,10,0,random,0,,1,40.0
cycle,7,x,10,0,random,0,,1,88.0
cycle,7,x,10,0,random,0,,1,30.0
cycle,7,x,10,0,random,0,,1,68.0
cycle,7,x,10,0,random,0,,1,44.0
cycle,7,x,10,0,random,0,,1,78.0
cycle,7,x,10,0,random,0,,1,86.0
cycle,7,x,10,0,random,0,,1,62.0
cycle,7,x,10,0,random,1,52.0,0,
cycle,7,x,10,0,random,1,22.0,0,
cycle,7,x,10,0,random,0,,1,95.0
cycle,7,x,10,0,random,1,25.0,0,
cycle,7,x,10,0,random,0,,1,79.0
cycle,7,x,10,0,random,1,35.0,0,
cycle,7,x,10,0,random,0,,1,55.0
cycle,7,x,10,0,random,1,18.0,0,
cycle,7,x,10,0,random,0,,1,78.0
cycle,7,x,10,0,random,1,25.0,0,
cycle,7,x,10,0,random,0,,1,54.0
cycle,7,x,10,0,random,1,1.0,0,
cycle,7,x,10,0,random,0,,1,54.0
cycle,7,x,10,0,random,1,24.0,0,
cycle,7,x,10,0,random,0,,1,91.0
cycle,7,x,10,0,random,0,,1,108.0
cycle,7,x,10,0,random,1,57.0,0,
cycle,7,x,10,0,random,0,,1,98.0
cycle,7,x,10,0,random,0,,1,85.0
cycle,7,x,10,0,random,0,,1,97.0
cycle,7,x,10,0,random,1,37.0,0,
cycle,7,x,10,0,random,0,,1,68.0
cycle,7,x,10,0,random,1,12.0,0,
cycle,7,x,10,0,random,1,41.0,0,
cycle,7,x,10,0,random,0,,1,39.0
cycle,7,x,10,0,random,0,,1,75.0
cycle,7,x,10,0,random,1,58.0,0,
cycle,7,x,10,0,random,0,,1,51.0
cycle,7,x,10,0,random,0,,1,64.0
cycle,7,x,10,0,random,1,37.0,0,
cycle,7,x,10,0,random,0,,1,71.0
cycle,7,x,10,0,random,0,,1,74.0
cycle,7,x,10,0,random,0,,1,28.0
cycle,7,x,10,0,random,0,,1,44.0
cycle,7,x,10,0,random,0,,1,36.0
cycle,7,x,10,0,random,1,52.0,0,
cycle,7,x,10,0,random,0,,1,68.0
cycle,7,x,10,0,random,0,,1,78.0
cycle,7,x,10,0,random,0,,1,16.0
cycle,7,x,10,0,random,0,,1,111.0
cycle,7,x,10,0,random,0,,1,72.0
cycle,7,x,10,0,random,0,,1,27.0
cycle,7,x,10,0,random,1,48.0,0,
cycle,7,x,10,0,random,1,40.0,0,
cycle,7,x,10,0,random,1,26.0,0,
cycle,7,x,10,0,random,0,,1,51.0
cycle,7,x,10,0,random,0,,1,68.0
cycle,7,x,10,0,random,0,,1,82.0
cycle,7,x,10,0,random,1,23.0,0,
cycle,7,x,10,0,random,0,,1,72.0
cycle,7,x,10,0,random,0,,1,83.0
cycle,7,x,10,0,random,0,,1,27.0
cycle,7,x,10,0,random,0,,1,77.0
cycle,7,x,10,0,random,0,,1,76.0
cycle,7,x,10,0,random,0,,1,66.0
cycle,7,x,10,0,random,1,39.0,0,
cycle,7,x,10,0,random,0,,1,70.0
cycle,7,x,10,0,random,1,23.0,0,
cycle,7,x,10,0,random,1,24.0,0,
cycle,7,x,10,0,random,0,,1,76.0
cycle,7,x,10,0,random,0,,1,16.0
cycle,7,x,10,0,random,0,,1,34.0
cycle,7,x,10,0,random,0,,1,103.0
cycle,7,x,10,0,random,0,,1,95.0
cycle,7,x,10,0,random,0,,1,87.0
cycle,7,x,10,0,random,0,,1,37.0
cycle,7,x,10,0,random,0,,1,37.0
cycle,7,x,10,0,random,0,,1,16.0
cycle,7,x,10,0,random,0,,1,73.0
cycle,7,x,10,0,random,0,,1,89.0
cycle,7,x,10,0,random,0,,1,110.0
cycle,7,x,10,0,random,0,,1,85.0
cycle,7,x,10,0,random,0,,1,98.0
cycle,7,x,10,0,random,0,,1,97.0
cycle,7,x,10,0,random,0,,1,77.0
cycle,7,x,10,0,random,0,,1,103.0
cycle,7,x,10,0,random,1,19.0,0,
cycle,7,x,10,0,random,0,,1,49.0
cycle,7,x,10,0,random,0,,1,99.0
cycle,7,x,10,0,random,0,,1,48.0
cycle,7,x,10,0,random,0,,1,69.0
cycle,7,x,10,0,random,1,17.0,0,
cycle,7,x,10,0,random,1,35.0,0,
cycle,7,x,10,0,random,0,,1,71.0
cycle,7,x,10,0,random,0,,1,41.0
cycle,7,x,10,0,random,0,,1,30.0
cycle,7,x,10,0,random,0,,1,36.0
cycle,7,x,10,0,random,0,,1,89.0
cycle,7,x,10,0,random,0,,1,108.0
cycle,7,x,10,0,random,0,,1,76.0
cycle,7,x,10,0,random,1,33.0,0,
cycle,7,x,10,0,random,0,,1,68.0
cycle,8,x,10,0,random,0,,1,80.0
cycle,8,x,10,0,random,0,,1,132.0
cycle,8,x,10,0,random,0,,1,17.0
cycle,8,x,10,0,random,0,,1,96.0
cycle,8,x,10,0,random,0,,1,144.0
cycle,8,x,10,0,random,0,,1,27.0
cycle,8,x,10,0,random,0,,1,73.0
cycle,8,x,10,0,random,0,,1,109.0
cycle,8,x,10,0,random,0,,1,132.0
cycle,8,x,10,0,random,0,,1,55.0
cycle,8,x,10,0,random,0,,1,131.0
cycle,8,x,10,0,random,0,,1,128.0
cycle,8,x,10,0,random,1,28.0,0,
cycle,8,x,10,0,random,0,,1,144.0
cycle,8,x,10,0,random,0,,1,129.0
cycle,8,x,10,0,random,0,,1,109.0
cycle,8,x,10,0,random,0,,1,71.0
cycle,8,x,10,0,random,0,,1,144.0
cycle,8,x,10,0,random,1,19.0,0,
cycle,8,x,10,0,random,0,,1,119.0
cycle,8,x,10,0,random,0,,1,94.0
cycle,8,x,10,0,random,0,,1,115.0
cycle,8,x,10,0,random,1,9.0,0,
cycle,8,x,10,0,random,0,,1,104.0
cycle,8,x,10,0,random,0,,1,97.0
cycle,8,x,10,0,random,0,,1,142.0
cycle,8,x,10,0,random,0,,1,99.0
cycle,8,x,10,0,random,0,,1,40.0
cycle,8,x,10,0,random,0,,1,130.0
cycle,8,x,10,0,random,1,19.0,0,
cycle,8,x,10,0,random,0,,1,142.0
cycle,8,x,10,0,random,0,,1,141.0
cycle,8,x,10,0,random,0,,1,106.0
cycle,8,x,10,0,random,0,,1,113.0
cycle,8,x,10,0,random,1,13.0,0,
cycle,8,x,10,0,random,0,,1,59.0
cycle,8,x,10,0,random,0,,1,135.0
cycle,8,x,10,0,random,0,,1,389.0
cycle,8,x,10,0,random,0,,1,84.0
cycle,8,x,10,0,random,0,,1,102.0
cycle,8,x,10,0,random,0,,1,90.0
cycle,8,x,10,0,random,0,,1,150.0
cycle,8,x,10,0,random,0,,1,68.0
cycle,8,x,10,0,random,0,,1,76.0
cycle,8,x,10,0,random,1,32.0,0,
cycle,8,x,10,0,random,0,,1,159.0
cycle,8,x,10,0,random,0,,1,146.0
cycle,8,x,10,0,random,0,,1,103.0
cycle,8,x,10,0,random,0,,1,124.0
cycle,8,x,10,0,random,0,,1,119.0
cycle,8,x,10,0,random,0,,1,116.0
cycle,8,x,10,0,random,0,,1,80.0
cycle,8,x,10,0,random,1,22.0,0,
cycle,8,x,10,0,random,0,,1,139.0
cycle,8,x,10,0,random,0,,1,79.0
cycle,8,x,10,0,random,0,,1,99.0
cycle,8,x,10,0,random,0,,1,125.0
cycle,8,x,10,0,random,0,,1,145.0
cycle,8,x,10,0,random,1,18.0,0,
cycle,8,x,10,0,random,0,,1,111.0
cycle,8,x,10,0,random,0,,1,155.0
cycle,8,x,10,0,random,0,,1,95.0
cycle,8,x,10,0,random,0,,1,115.0
cycle,8,x,10,0,random,0,,1,73.0
cycle,8,x,10,0,random,0,,1,74.0
cycle,8,x,10,0,random,1,23.0,0,
cycle,8,x,10,0,random,0,,1,118.0
cycle,8,x,10,0,random,0,,1,111.0
cycle,8,x,10,0,random,0,,1,105.0
cycle,8,x,10,0,random,1,22.0,0,
cycle,8,x,10,0,random,0,,1,140.0
cycle,8,x,10,0,random,0,,1,28.0
cycle,8,x,10,0,random,0,,1,58.0
cycle,8,x,10,0,random,0,,1,70.0
cycle,8,x,10,0,random,0,,1,100.0
cycle,8,x,10,0,random,0,,1,115.0
cycle,8,x,10,0,random,0,,1,141.0
cycle,8,x,10,0,random,0,,1,78.0
cycle,8,x,10,0,random,1,62.0,0,
cycle,8,x,10,0,random,0,,1,91.0
cycle,8,x,10,0,random,0,,1,140.0
cycle,8,x,10,0,random,0,,1,121.0
cycle,8,x,10,0,random,0,,1,75.0
cycle,8,x,10,0,random,0,,1,129.0
cycle,8,x,10,0,random,0,,1,89.0
cycle,8,x,10,0,random,0,,1,370.0
cycle,8,x,10,0,random,0,,1,131.0
cycle,8,x,10,0,random,0,,1,143.0
cycle,8,x,10,0,random,0,,1,65.0
cycle,8,x,10,0,random,0,,1,151.0
cycle,8,x,10,0,random,0,,1,144.0
cycle,8,x,10,0,random,0,,1,159.0
cycle,8,x,10,0,random,0,,1,104.0
cycle,8,x,10,0,random,0,,1,106.0
cycle,8,x,10,0,random,0,,1,94.0
cycle,8,x,10,0,random,0,,1,98.0
cycle,8,x,10,0,random,0,,1,111.0
cycle,8,x,10,0,random,0,,1,139.0
cycle,8,x,10,0,random,0,,1,139.0
cycle,8,x,10,0,random,0,,1,123.0
cycle,9,x,10,0,random,0,,1,167.0
cycle,9,x,10,0,random,0,,1,217.0
cycle,9,x,10,0,random,0,,1,124.0
cycle,9,x,10,0,random,0,,1,107.0
cycle,9,x,10,0,random,0,,1,111.0
cycle,9,x,10,0,random,0,,1,119.0
cycle,9,x,10,0,random,0,,1,67.0
cycle,9,x,10,0,random,0,,1,78.0
cycle,9,x,10,0,random,0,,1,108.0
cycle,9,x,10,0,random,1,110.0,0,
cycle,9,x,10,0,random,0,,1,113.0
cycle,9,x,10,0,random,0,,1,89.0
cycle,9,x,10,0,random,1,19.0,0,
cycle,9,x,10,0,random,1,76.0,0,
cycle,9,x,10,0,random,0,,1,143.0
cycle,9,x,10,0,random,0,,1,129.0
cycle,9,x,10,0,random,0,,1,119.0
cycle,9,x,10,0,random,0,,1,154.0
cycle,9,x,10,0,random,0,,1,133.0
cycle,9,x,10,0,random,0,,1,61.0
cycle,9,x,10,0,random,1,28.0,0,
cycle,9,x,10,0,random,0,,1,93.0
cycle,9,x,10,0,random,1,46.0,0,
cycle,9,x,10,0,random,0,,1,213.0
cycle,9,x,10,0,random,0,,1,147.0
cycle,9,x,10,0,random,0,,1,148.0
cycle,9,x,10,0,random,0,,1,217.0
cycle,9,x,10,0,random,0,,1,17.0
cycle,9,x,10,0,random,0,,1,72.0
cycle,9,x,10,0,random,0,,1,113.0
cycle,9,x,10,0,random,0,,1,212.0
cycle,9,x,10,0,random,1,44.0,0,
cycle,9,x,10,0,random,0,,1,144.0
cycle,9,x,10,0,random,0,,1,99.0
cycle,9,x,10,0,random,1,44.0,0,
cycle,9,x,10,0,random,0,,1,89.0
cycle,9,x,10,0,random,0,,1,101.0
cycle,9,x,10,0,random,0,,1,203.0
cycle,9,x,10,0,random,0,,1,137.0
cycle,9,x,10,0,random,0,,1,119.0
cycle,9,x,10,0,random,0,,1,63.0
cycle,9,x,10,0,random,0,,1,59.0
cycle,9,x,10,0,random,0,,1,107.0
cycle,9,x,10,0,random,0,,1,75.0
cycle,9,x,10,0,random,0,,1,72.0
cycle,9,x,10,0,random,0,,1,165.0
cycle,9,x,10,0,random,0,,1,136.0
cycle,9,x,10,0,random,0,,1,93.0
cycle,9,x,10,0,random,1,37.0,0,
cycle,9,x,10,0,random,0,,1,147.0
cycle,9,x,10,0,random,0,,1,78.0
cycle,9,x,10,0,random,0,,1,117.0
cycle,9,x,10,0,random,0,,1,42.0
cycle,9,x,10,0,random,0,,1,138.0
cycle,9,x,10,0,random,0,,1,88.0
cycle,9,x,10,0,random,0,,1,181.0
cycle,9,x,10,0,random,0,,1,186.0
cycle,9,x,10,0,random,1,76.0,0,
cycle,9,x,10,0,random,0,,1,206.0
cycle,9,x,10,0,random,0,,1,120.0
cycle,9,x,10,0,random,0,,1,90.0
cycle,9,x,10,0,random,1,54.0,0,
cycle,9,x,10,0,random,0,,1,74.0
cycle,9,x,10,0,random,0,,1,123.0
cycle,9,x,10,0,random,0,,1,95.0
cycle,9,x,10,0,random,0,,1,79.0
cycle,9,x,10,0,random,0,,1,94.0
cycle,9,x,10,0,random,0,,1,252.0
cycle,9,x,10,0,random,0,,1,97.0
cycle,9,x,10,0,random,0,,1,147.0
cycle,9,x,10,0,random,0,,1,89.0
cycle,9,x,10,0,random,0,,1,111.0
cycle,9,x,10,0,random,0,,1,144.0
cycle,9,x,10,0,random,0,,1,89.0
cycle,9,x,10,0,random,0,,1,145.0
cycle,9,x,10,0,random,0,,1,132.0
cycle,9,x,10,0,random,0,,1,90.0
cycle,9,x,10,0,random,0,,1,79.0
cycle,9,x,10,0,random,0,,1,108.0
cycle,9,x,10,0,random,0,,1,126.0
cycle,9,x,10,0,random,0,,1,108.0
cycle,9,x,10,0,random,0,,1,120.0
cycle,9,x,10,0,random,0,,1,78.0
cycle,9,x,10,0,random,0,,1,149.0
cycle,9,x,10,0,random,0,,1,160.0
cycle,9,x,10,0,random,0,,1,131.0
cycle,9,x,10,0,random,0,,1,151.0
cycle,9,x,10,0,random,0,,1,112.0
cycle,9,x,10,0,random,0,,1,91.0
cycle,9,x,10,0,random,0,,1,93.0
cycle,9,x,10,0,random,0,,1,99.0
cycle,9,x,10,0,random,0,,1,192.0
cycle,9,x,10,0,random,0,,1,65.0
cycle,9,x,10,0,random,0,,1,84.0
cycle,9,x,10,0,random,0,,1,125.0
cycle,9,x,10,0,random,0,,1,144.0
cycle,9,x,10,0,random,0,,1,84.0
cycle,9,x,10,0,random,0,,1,78.0
cycle,9,x,10,0,random,0,,1,125.0
cycle,9,x,10,0,random,0,,1,61.0
cycle,10,x,10,0,random,0,,1,111.0
cycle,10,x,10,0,random,0,,1,336.0
cycle,10,x,10,0,random,0,,1,197.0
cycle,10,x,10,0,random,0,,1,128.0
cycle,10,x,10,0,random,0,,1,121.0
cycle,10,x,10,0,random,1,115.0,0,
cycle,10,x,10,0,random,0,,1,115.0
cycle,10,x,10,0,random,0,,1,144.0
cycle,10,x,10,0,random,0,,1,143.0
cycle,10,x,10,0,random,1,52.0,0,
cycle,10,x,10,0,random,1,42.0,0,
cycle,10,x,10,0,random,0,,1,157.0
cycle,10,x,10,0,random,1,72.0,0,
cycle,10,x,10,0,random,0,,1,223.0
cycle,10,x,10,0,random,0,,1,156.0
cycle,10,x,10,0,random,0,,1,159.0
cycle,10,x,10,0,random,0,,1,139.0
cycle,10,x,10,0,random,0,,1,212.0
cycle,10,x,10,0,random,1,49.0,0,
cycle,10,x,10,0,random,0,,1,87.0
cycle,10,x,10,0,random,0,,1,130.0
cycle,10,x,10,0,random,0,,1,142.0
cycle,10,x,10,0,random,0,,1,202.0
cycle,10,x,10,0,random,0,,1,193.0
cycle,10,x,10,0,random,0,,1,232.0
cycle,10,x,10,0,random,0,,1,135.0
cycle,10,x,10,0,random,0,,1,254.0
cycle,10,x,10,0,random,0,,1,138.0
cycle,10,x,10,0,random,0,,1,87.0
cycle,10,x,10,0,random,0,,1,127.0
cycle,10,x,10,0,random,0,,1,407.0
cycle,10,x,10,0,random,0,,1,171.0
cycle,10,x,10,0,random,0,,1,120.0
cycle,10,x,10,0,random,0,,1,170.0
cycle,10,x,10,0,random,0,,1,189.0
cycle,10,x,10,0,random,0,,1,247.0
cycle,10,x,10,0,random,1,119.0,0,
cycle,10,x,10,0,random,1,71.0,0,
cycle,10,x,10,0,random,0,,1,212.0
cycle,10,x,10,0,random,0,,1,104.0
cycle,10,x,10,0,random,0,,1,99.0
cycle,10,x,10,0,random,0,,1,195.0
cycle,10,x,10,0,random,0,,1,144.0
cycle,10,x,10,0,random,0,,1,227.0
cycle,10,x,10,0,random,0,,1,243.0
cycle,10,x,10,0,random,0,,1,241.0
cycle,10,x,10,0,random,0,,1,196.0
cycle,10,x,10,0,random,0,,1,157.0
cycle,10,x,10,0,random,1,75.0,0,
cycle,10,x,10,0,random,0,,1,241.0
cycle,10,x,10,0,random,0,,1,213.0
cycle,10,x,10,0,random,0,,1,254.0
cycle,10,x,10,0,random,0,,1,162.0
cycle,10,x,10,0,random,0,,1,227.0
cycle,10,x,10,0,random,0,,1,132.0
cycle,10,x,10,0,random,0,,1,106.0
cycle,10,x,10,0,random,1,53.0,0,
cycle,10,x,10,0,random,0,,1,173.0
cycle,10,x,10,0,random,0,,1,152.0
cycle,10,x,10,0,random,0,,1,206.0
cycle,10,x,10,0,random,0,,1,114.0
cycle,10,x,10,0,random,0,,1,166.0
cycle,10,x,10,0,random,0,,1,144.0
cycle,10,x,10,0,random,0,,1,99.0
cycle,10,x,10,0,random,0,,1,110.0
cycle,10,x,10,0,random,0,,1,128.0
cycle,10,x,10,0,random,1,110.0,0,
cycle,10,x,10,0,random,0,,1,125.0
cycle,10,x,10,0,random,1,73.0,0,
cycle,10,x,10,0,random,0,,1,207.0
cycle,10,x,10,0,random,1,94.0,0,
cycle,10,x,10,0,random,0,,1,143.0
cycle,10,x,10,0,random,0,,1,118.0
cycle,10,x,10,0,random,0,,1,288.0
cycle,10,x,10,0,random,0,,1,179.0
cycle,10,x,10,0,random,0,,1,266.0
cycle,10,x,10,0,random,0,,1,169.0
cycle,10,x,10,0,random,0,,1,162.0
cycle,10,x,10,0,random,0,,1,89.0
cycle,10,x,10,0,random,0,,1,247.0
cycle,10,x,10,0,random,0,,1,189.0
cycle,10,x,10,0,random,0,,1,76.0
cycle,10,x,10,0,random,0,,1,88.0
cycle,10,x,10,0,random,0,,1,250.0
cycle,10,x,10,0,random,0,,1,181.0
cycle,10,x,10,0,random,0,,1,111.0
cycle,10,x,10,0,random,0,,1,137.0
cycle,10,x,10,0,random,0,,1,190.0
cycle,10,x,10,0,random,0,,1,121.0
cycle,10,x,10,0,random,0,,1,138.0
cycle,10,x,10,0,random,0,,1,224.0
cycle,10,x,10,0,random,0,,1,173.0
cycle,10,x,10,0,random,0,,1,263.0
cycle,10,x,10,0,random,0,,1,103.0
cycle,10,x,10,0,random,0,,1,198.0
cycle,10,x,10,0,random,0,,1,105.0
cycle,10,x,10,0,random,0,,1,157.0
cycle,10,x,10,0,random,0,,1,145.0
cycle,10,x,10,0,random,0,,1,165.0
cycle,10,x,10,0,random,0,,1,199.0
cycle,11,x,10,0,random,0,,1,197.0
cycle,11,x,10,0,random,0,,1,282.0
cycle,11,x,10,0,random,1,185.0,0,
cycle,11,x,10,0,random,0,,1,266.0
cycle,11,x,10,0,random,0,,1,371.0
cycle,11,x,10,0,random,0,,1,167.0
cycle,11,x,10,0,random,0,,1,156.0
cycle,11,x,10,0,random,0,,1,223.0
cycle,11,x,10,0,random,0,,1,201.0
cycle,11,x,10,0,random,0,,1,168.0
cycle,11,x,10,0,random,0,,1,174.0
cycle,11,x,10,0,random,0,,1,1280.0
cycle,11,x,10,0,random,0,,1,192.0
cycle,11,x,10,0,random,0,,1,312.0
cycle,11,x,10,0,random,0,,1,157.0
cycle,11,x,10,0,random,1,72.0,0,
cycle,11,x,10,0,random,0,,1,185.0
cycle,11,x,10,0,random,0,,1,237.0
cycle,11,x,10,0,random,0,,1,153.0
cycle,11,x,10,0,random,0,,1,245.0
cycle,11,x,10,0,random,0,,1,181.0
cycle,11,x,10,0,random,0,,1,288.0
cycle,11,x,10,0,random,0,,1,322.0
cycle,11,x,10,0,random,0,,1,470.0
cycle,11,x,10,0,random,0,,1,177.0
cycle,11,x,10,0,random,0,,1,249.0
cycle,11,x,10,0,random,0,,1,147.0
cycle,11,x,10,0,random,0,,1,183.0
cycle,11,x,10,0,random,0,,1,214.0
cycle,11,x,10,0,random,0,,1,243.0
cycle,11,x,10,0,random,0,,1,213.0
cycle,11,x,10,0,random,0,,1,129.0
cycle,11,x,10,0,random,0,,1,219.0
cycle,11,x,10,0,random,0,,1,88.0
cycle,11,x,10,0,random,0,,1,207.0
cycle,11,x,10,0,random,0,,1,213.0
cycle,11,x,10,0,random,0,,1,306.0
cycle,11,x,10,0,random,0,,1,217.0
cycle,11,x,10,0,random,0,,1,243.0
cycle,11,x,10,0,random,0,,1,1255.0
cycle,11,x,10,0,random,0,,1,291.0
cycle,11,x,10,0,random,0,,1,169.0
cycle,11,x,10,0,random,0,,1,229.0
cycle,11,x,10,0,random,0,,1,150.0
cycle,11,x,10,0,random,0,,1,309.0
cycle,11,x,10,0,random,0,,1,169.0
cycle,11,x,10,0,random,0,,1,223.0
cycle,11,x,10,0,random,0,,1,352.0
cycle,11,x,10,0,random,0,,1,301.0
cycle,11,x,10,0,random,1,64.0,0,
cycle,11,x,10,0,random,0,,1,240.0
cycle,11,x,10,0,random,0,,1,286.0
cycle,11,x,10,0,random,0,,1,199.0
cycle,11,x,10,0,random,0,,1,186.0
cycle,11,x,10,0,random,0,,1,242.0
cycle,11,x,10,0,random,0,,1,212.0
cycle,11,x,10,0,random,1,131.0,0,
cycle,11,x,10,0,random,1,103.0,0,
cycle,11,x,10,0,random,0,,1,234.0
cycle,11,x,10,0,random,0,,1,301.0
cycle,11,x,10,0,random,0,,1,108.0
cycle,11,x,10,0,random,0,,1,168.0
cycle,11,x,10,0,random,0,,1,188.0
cycle,11,x,10,0,random,0,,1,353.0
cycle,11,x,10,0,random,0,,1,163.0
cycle,11,x,10,0,random,0,,1,235.0
cycle,11,x,10,0,random,0,,1,244.0
cycle,11,x,10,0,random,0,,1,184.0
cycle,11,x,10,0,random,0,,1,155.0
cycle,11,x,10,0,random,0,,1,123.0
cycle,11,x,10,0,random,0,,1,1090.0
cycle,11,x,10,0,random,0,,1,166.0
cycle,11,x,10,0,random,0,,1,161.0
cycle,11,x,10,0,random,0,,1,234.0
cycle,11,x,10,0,random,0,,1,317.0
cycle,11,x,10,0,random,0,,1,203.0
cycle,11,x,10,0,random,0,,1,322.0
cycle,11,x,10,0,random,0,,1,201.0
cycle,11,x,10,0,random,0,,1,275.0
cycle,11,x,10,0,random,0,,1,387.0
cycle,11,x,10,0,random,0,,1,263.0
cycle,11,x,10,0,random,0,,1,235.0
cycle,11,x,10,0,random,0,,1,195.0
cycle,11,x,10,0,random,0,,1,256.0
cycle,11,x,10,0,random,0,,1,163.0
cycle,11,x,10,0,random,0,,1,282.0
cycle,11,x,10,0,random,0,,1,148.0
cycle,11,x,10,0,random,0,,1,303.0
cycle,11,x,10,0,random,0,,1,269.0
cycle,11,x,10,0,random,1,60.0,0,
cycle,11,x,10,0,random,0,,1,216.0
cycle,11,x,10,0,random,0,,1,196.0
cycle,11,x,10,0,random,0,,1,1096.0
cycle,11,x,10,0,random,0,,1,174.0
cycle,11,x,10,0,random,0,,1,129.0
cycle,11,x,10,0,random,0,,1,137.0
cycle,11,x,10,0,random,0,,1,191.0
cycle,11,x,10,0,random,0,,1,292.0
cycle,11,x,10,0,random,0,,1,317.0
cycle,11,x,10,0,random,0,,1,358.0
cycle,12,x,10,0,random,0,,1,173.0
cycle,12,x,10,0,random,0,,1,132.0
cycle,12,x,10,0,random,0,,1,220.0
cycle,12,x,10,0,random,0,,1,163.0
cycle,12,x,10,0,random,0,,1,239.0
cycle,12,x,10,0,random,0,,1,231.0
cycle,12,x,10,0,random,0,,1,219.0
cycle,12,x,10,0,random,0,,1,283.0
cycle,12,x,10,0,random,0,,1,99.0
cycle,12,x,10,0,random,1,189.0,0,
cycle,12,x,10,0,random,0,,1,228.0
cycle,12,x,10,0,random,0,,1,294.0
cycle,12,x,10,0,random,0,,1,71.0
cycle,12,x,10,0,random,0,,1,448.0
cycle,12,x,10,0,random,0,,1,183.0
cycle,12,x,10,0,random,0,,1,212.0
cycle,12,x,10,0,random,0,,1,190.0
cycle,12,x,10,0,random,0,,1,406.0
cycle,12,x,10,0,random,0,,1,224.0
cycle,12,x,10,0,random,0,,1,293.0
cycle,12,x,10,0,random,0,,1,304.0
cycle,12,x,10,0,random,0,,1,182.0
cycle,12,x,10,0,random,0,,1,269.0
cycle,12,x,10,0,random,0,,1,100.0
cycle,12,x,10,0,random,0,,1,170.0
cycle,12,x,10,0,random,0,,1,266.0
cycle,12,x,10,0,random,0,,1,144.0
cycle,12,x,10,0,random,0,,1,229.0
cycle,12,x,10,0,random,0,,1,137.0
cycle,12,x,10,0,random,0,,1,196.0
cycle,12,x,10,0,random,0,,1,133.0
cycle,12,x,10,0,random,0,,1,203.0
cycle,12,x,10,0,random,0,,1,112.0
cycle,12,x,10,0,random,0,,1,436.0
cycle,12,x,10,0,random,0,,1,306.0
cycle,12,x,10,0,random,0,,1,230.0
cycle,12,x,10,0,random,0,,1,331.0
cycle,12,x,10,0,random,0,,1,172.0
cycle,12,x,10,0,random,0,,1,312.0
cycle,12,x,10,0,random,0,,1,158.0
cycle,12,x,10,0,random,0,,1,98.0
cycle,12,x,10,0,random,0,,1,186.0
cycle,12,x,10,0,random,0,,1,194.0
cycle,12,x,10,0,random,0,,1,178.0
cycle,12,x,10,0,random,0,,1,235.0
cycle,12,x,10,0,random,0,,1,360.0
cycle,12,x,10,0,random,0,,1,140.0
cycle,12,x,10,0,random,0,,1,338.0
cycle,12,x,10,0,random,0,,1,198.0
cycle,12,x,10,0,random,0,,1,374.0
cycle,12,x,10,0,random,0,,1,223.0
cycle,12,x,10,0,random,0,,1,259.0
cycle,12,x,10,0,random,0,,1,180.0
cycle,12,x,10,0,random,0,,1,214.0
cycle,12,x,10,0,random,0,,1,304.0
cycle,12,x,10,0,random,0,,1,99.0
cycle,12,x,10,0,random,0,,1,281.0
cycle,12,x,10,0,random,0,,1,249.0
cycle,12,x,10,0,random,0,,1,240.0
cycle,12,x,10,0,random,1,14.0,0,
cycle,12,x,10,0,random,0,,1,238.0
cycle,12,x,10,0,random,0,,1,168.0
cycle,12,x,10,0,random,0,,1,230.0
cycle,12,x,10,0,random,0,,1,424.0
cycle,12,x,10,0,random,0,,1,316.0
cycle,12,x,10,0,random,0,,1,353.0
cycle,12,x,10,0,random,0,,1,246.0
cycle,12,x,10,0,random,0,,1,168.0
cycle,12,x,10,0,random,0,,1,165.0
cycle,12,x,10,0,random,0,,1,185.0
cycle,12,x,10,0,random,0,,1,219.0
cycle,12,x,10,0,random,0,,1,313.0
cycle,12,x,10,0,random,0,,1,350.0
cycle,12,x,10,0,random,0,,1,236.0
cycle,12,x,10,0,random,0,,1,404.0
cycle,12,x,10,0,random,0,,1,243.0
cycle,12,x,10,0,random,0,,1,195.0
cycle,12,x,10,0,random,0,,1,273.0
cycle,12,x,10,0,random,0,,1,309.0
cycle,12,x,10,0,random,0,,1,209.0
cycle,12,x,10,0,random,0,,1,166.0
cycle,12,x,10,0,random,0,,1,188.0
cycle,12,x,10,0,random,0,,1,147.0
cycle,12,x,10,0,random,0,,1,248.0
cycle,12,x,10,0,random,0,,1,130.0
cycle,12,x,10,0,random,0,,1,193.0
cycle,12,x,10,0,random,0,,1,194.0
cycle,12,x,10,0,random,0,,1,206.0
cycle,12,x,10,0,random,0,,1,113.0
cycle,12,x,10,0,random,0,,1,104.0
cycle,12,x,10,0,random,0,,1,109.0
cycle,12,x,10,0,random,0,,1,117.0
cycle,12,x,10,0,random,0,,1,234.0
cycle,12,x,10,0,random,0,,1,135.0
cycle,12,x,10,0,random,0,,1,278.0
cycle,12,x,10,0,random,0,,1,163.0
cycle,12,x,10,0,random,0,,1,442.0
cycle,12,x,10,0,random,0,,1,194.0
cycle,12,x,10,0,random,0,,1,442.0
cycle,12,x,10,0,random,0,,1,198.0
cycle,13,x,10,0,random,0,,1,235.0
cycle,13,x,10,0,random,0,,1,253.0
cycle,13,x,10,0,random,0,,1,212.0
cycle,13,x,10,0,random,0,,1,118.0
cycle,13,x,10,0,random,0,,1,119.0
cycle,13,x,10,0,random,0,,1,256.0
cycle,13,x,10,0,random,0,,1,417.0
cycle,13,x,10,0,random,0,,1,285.0
cycle,13,x,10,0,random,0,,1,285.0
cycle,13,x,10,0,random,0,,1,382.0
cycle,13,x,10,0,random,0,,1,137.0
cycle,13,x,10,0,random,0,,1,141.0
cycle,13,x,10,0,random,0,,1,267.0
cycle,13,x,10,0,random,0,,1,461.0
cycle,13,x,10,0,random,0,,1,197.0
cycle,13,x,10,0,random,0,,1,239.0
cycle,13,x,10,0,random,0,,1,346.0
cycle,13,x,10,0,random,0,,1,291.0
cycle,13,x,10,0,random,0,,1,402.0
cycle,13,x,10,0,random,0,,1,236.0
cycle,13,x,10,0,random,0,,1,318.0
cycle,13,x,10,0,random,0,,1,219.0
cycle,13,x,10,0,random,0,,1,165.0
cycle,13,x,10,0,random,0,,1,200.0
cycle,13,x,10,0,random,0,,1,185.0
cycle,13,x,10,0,random,0,,1,74.0
cycle,13,x,10,0,random,0,,1,275.0
cycle,13,x,10,0,random,0,,1,411.0
cycle,13,x,10,0,random,0,,1,257.0
cycle,13,x,10,0,random,0,,1,348.0
cycle,13,x,10,0,random,0,,1,171.0
cycle,13,x,10,0,random,0,,1,165.0
cycle,13,x,10,0,random,0,,1,357.0
cycle,13,x,10,0,random,0,,1,313.0
cycle,13,x,10,0,random,0,,1,213.0
cycle,13,x,10,0,random,0,,1,187.0
cycle,13,x,10,0,random,0,,1,156.0
cycle,13,x,10,0,random,0,,1,276.0
cycle,13,x,10,0,random,0,,1,284.0
cycle,13,x,10,0,random,0,,1,440.0
cycle,13,x,10,0,random,0,,1,161.0
cycle,13,x,10,0,random,0,,1,339.0
cycle,13,x,10,0,random,0,,1,164.0
cycle,13,x,10,0,random,0,,1,265.0
cycle,13,x,10,0,random,0,,1,175.0
cycle,13,x,10,0,random,0,,1,195.0
cycle,13,x,10,0,random,0,,1,128.0
cycle,13,x,10,0,random,0,,1,126.0
cycle,13,x,10,0,random,0,,1,279.0
cycle,13,x,10,0,random,0,,1,276.0
cycle,13,x,10,0,random,0,,1,245.0
cycle,13,x,10,0,random,0,,1,275.0
cycle,13,x,10,0,random,0,,1,213.0
cycle,13,x,10,0,random,0,,1,189.0
cycle,13,x,10,0,random,0,,1,220.0
cycle,13,x,10,0,random,0,,1,334.0
cycle,13,x,10,0,random,0,,1,339.0
cycle,13,x,10,0,random,0,,1,186.0
cycle,13,x,10,0,random,0,,1,381.0
cycle,13,x,10,0,random,0,,1,259.0
cycle,13,x,10,0,random,0,,1,260.0
cycle,13,x,10,0,random,0,,1,285.0
cycle,13,x,10,0,random,0,,1,191.0
cycle,13,x,10,0,random,0,,1,189.0
cycle,13,x,10,0,random,0,,1,239.0
cycle,13,x,10,0,random,0,,1,215.0
cycle,13,x,10,0,random,0,,1,308.0
cycle,13,x,10,0,random,0,,1,314.0
cycle,13,x,10,0,random,0,,1,260.0
cycle,13,x,10,0,random,0,,1,116.0
cycle,13,x,10,0,random,0,,1,124.0
cycle,13,x,10,0,random,0,,1,164.0
cycle,13,x,10,0,random,0,,1,189.0
cycle,13,x,10,0,random,0,,1,372.0
cycle,13,x,10,0,random,0,,1,384.0
cycle,13,x,10,0,random,0,,1,129.0
cycle,13,x,10,0,random,0,,1,328.0
cycle,13,x,10,0,random,0,,1,221.0
cycle,13,x,10,0,random,0,,1,454.0
cycle,13,x,10,0,random,0,,1,248.0
cycle,13,x,10,0,random,0,,1,257.0
cycle,13,x,10,0,random,0,,1,412.0
cycle,13,x,10,0,random,0,,1,293.0
cycle,13,x,10,0,random,0,,1,275.0
cycle,13,x,10,0,random,0,,1,353.0
cycle,13,x,10,0,random,0,,1,99.0
cycle,13,x,10,0,random,0,,1,292.0
cycle,13,x,10,0,random,0,,1,273.0
cycle,13,x,10,0,random,0,,1,194.0
cycle,13,x,10,0,random,0,,1,207.0
cycle,13,x,10,0,random,0,,1,106.0
cycle,13,x,10,0,random,0,,1,310.0
cycle,13,x,10,0,random,0,,1,464.0
cycle,13,x,10,0,random,0,,1,239.0
cycle,13,x,10,0,random,0,,1,150.0
cycle,13,x,10,0,random,0,,1,308.0
cycle,13,x,10,0,random,0,,1,138.0
cycle,13,x,10,0,random,0,,1,259.0
cycle,13,x,10,0,random,0,,1,204.0
cycle,13,x,10,0,random,0,,1,119.0
cycle,14,x,10,0,random,0,,1,283.0
cycle,14,x,10,0,random,0,,1,463.0
cycle,14,x,10,0,random,0,,1,288.0
cycle,14,x,10,0,random,0,,1,439.0
cycle,14,x,10,0,random,0,,1,847.0
cycle,14,x,10,0,random,0,,1,263.0
cycle,14,x,10,0,random,0,,1,272.0
cycle,14,x,10,0,random,0,,1,382.0
cycle,14,x,10,0,random,0,,1,263.0
cycle,14,x,10,0,random,0,,1,383.0
cycle,14,x,10,0,random,0,,1,193.0
cycle,14,x,10,0,random,0,,1,384.0
cycle,14,x,10,0,random,0,,1,994.0
cycle,14,x,10,0,random,0,,1,233.0
cycle,14,x,10,0,random,0,,1,869.0
cycle,14,x,10,0,random,0,,1,578.0
cycle,14,x,10,0,random,0,,1,327.0
cycle,14,x,10,0,random,0,,1,255.0
cycle,14,x,10,0,random,0,,1,335.0
cycle,14,x,10,0,random,0,,1,192.0
cycle,14,x,10,0,random,1,178.0,0,
cycle,14,x,10,0,random,0,,1,392.0
cycle,14,x,10,0,random,0,,1,156.0
cycle,14,x,10,0,random,0,,1,347.0
cycle,14,x,10,0,random,0,,1,574.0
cycle,14,x,10,0,random,0,,1,219.0
cycle,14,x,10,0,random,0,,1,331.0
cycle,14,x,10,0,random,0,,1,972.0
cycle,14,x,10,0,random,0,,1,99.0
cycle,14,x,10,0,random,0,,1,196.0
cycle,14,x,10,0,random,0,,1,91.0
cycle,14,x,10,0,random,0,,1,401.0
cycle,14,x,10,0,random,0,,1,564.0
cycle,14,x,10,0,random,0,,1,59.0
cycle,14,x,10,0,random,0,,1,178.0
cycle,14,x,10,0,random,0,,1,239.0
cycle,14,x,10,0,random,0,,1,362.0
cycle,14,x,10,0,random,0,,1,217.0
cycle,14,x,10,0,random,0,,1,1027.0
cycle,14,x,10,0,random,0,,1,300.0
cycle,14,x,10,0,random,0,,1,460.0
cycle,14,x,10,0,random,0,,1,388.0
cycle,14,x,10,0,random,0,,1,148.0
cycle,14,x,10,0,random,0,,1,284.0
cycle,14,x,10,0,random,0,,1,290.0
cycle,14,x,10,0,random,0,,1,291.0
cycle,14,x,10,0,random,0,,1,263.0
cycle,14,x,10,0,random,0,,1,259.0
cycle,14,x,10,0,random,0,,1,356.0
cycle,14,x,10,0,random,0,,1,1006.0
cycle,14,x,10,0,random,0,,1,267.0
cycle,14,x,10,0,random,0,,1,194.0
cycle,14,x,10,0,random,0,,1,136.0
cycle,14,x,10,0,random,0,,1,505.0
cycle,14,x,10,0,random,0,,1,469.0
cycle,14,x,10,0,random,0,,1,429.0
cycle,14,x,10,0,random,0,,1,381.0
cycle,14,x,10,0,random,0,,1,247.0
cycle,14,x,10,0,random,0,,1,1124.0
cycle,14,x,10,0,random,0,,1,294.0
cycle,14,x,10,0,random,0,,1,342.0
cycle,14,x,10,0,random,0,,1,311.0
cycle,14,x,10,0,random,0,,1,226.0
cycle,14,x,10,0,random,0,,1,322.0
cycle,14,x,10,0,random,0,,1,548.0
cycle,14,x,10,0,random,0,,1,264.0
cycle,14,x,10,0,random,0,,1,189.0
cycle,14,x,10,0,random,0,,1,298.0
cycle,14,x,10,0,random,0,,1,190.0
cycle,14,x,10,0,random,0,,1,333.0
cycle,14,x,10,0,random,0,,1,351.0
cycle,14,x,10,0,random,0,,1,178.0
cycle,14,x,10,0,random,0,,1,510.0
cycle,14,x,10,0,random,0,,1,317.0
cycle,14,x,10,0,random,0,,1,355.0
cycle,14,x,10,0,random,0,,1,325.0
cycle,14,x,10,0,random,0,,1,731.0
cycle,14,x,10,0,random,0,,1,527.0
cycle,14,x,10,0,random,0,,1,356.0
cycle,14,x,10,0,random,0,,1,410.0
cycle,14,x,10,0,random,0,,1,390.0
cycle,14,x,10,0,random,0,,1,192.0
cycle,14,x,10,0,random,0,,1,260.0
cycle,14,x,10,0,random,0,,1,49.0
cycle,14,x,10,0,random,0,,1,319.0
cycle,14,x,10,0,random,0,,1,203.0
cycle,14,x,10,0,random,0,,1,265.0
cycle,14,x,10,0,random,0,,1,149.0
cycle,14,x,10,0,random,0,,1,152.0
cycle,14,x,10,0,random,0,,1,408.0
cycle,14,x,10,0,random,0,,1,509.0
cycle,14,x,10,0,random,0,,1,343.0
cycle,14,x,10,0,random,0,,1,476.0
cycle,14,x,10,0,random,0,,1,338.0
cycle,14,x,10,0,random,0,,1,552.0
cycle,14,x,10,0,random,0,,1,311.0
cycle,14,x,10,0,random,0,,1,303.0
cycle,14,x,10,0,random,0,,1,220.0
cycle,14,x,10,0,random,0,,1,210.0
cycle,14,x,10,0,random,0,,1,255.0
cycle,15,x,10,0,random,0,,1,2126.0
cycle,15,x,10,0,random,0,,1,270.0
cycle,15,x,10,0,random,0,,1,218.0
cycle,15,x,10,0,random,0,,1,2334.0
cycle,15,x,10,0,random,0,,1,247.0
cycle,15,x,10,0,random,0,,1,260.0
cycle,15,x,10,0,random,0,,1,5220.0
cycle,15,x,10,0,random,0,,1,2360.0
cycle,15,x,10,0,random,0,,1,498.0
cycle,15,x,10,0,random,0,,1,455.0
cycle,15,x,10,0,random,0,,1,635.0
cycle,15,x,10,0,random,0,,1,359.0
cycle,15,x,10,0,random,0,,1,307.0
cycle,15,x,10,0,random,0,,1,405.0
cycle,15,x,10,0,random,0,,1,405.0
cycle,15,x,10,0,random,0,,1,411.0
cycle,15,x,10,0,random,0,,1,209.0
cycle,15,x,10,0,random,0,,1,2354.0
cycle,15,x,10,0,random,0,,1,5116.0
cycle,15,x,10,0,random,0,,1,239.0
cycle,15,x,10,0,random,0,,1,341.0
cycle,15,x,10,0,random,0,,1,2458.0
cycle,15,x,10,0,random,0,,1,5078.0
cycle,15,x,10,0,random,0,,1,600.0
cycle,15,x,10,0,random,0,,1,591.0
cycle,15,x,10,0,random,0,,1,2201.0
cycle,15,x,10,0,random,0,,1,420.0
cycle,15,x,10,0,random,0,,1,447.0
cycle,15,x,10,0,random,0,,1,2021.0
cycle,15,x,10,0,random,0,,1,262.0
cycle,15,x,10,0,random,0,,1,591.0
cycle,15,x,10,0,random,0,,1,951.0
cycle,15,x,10,0,random,0,,1,249.0
cycle,15,x,10,0,random,0,,1,2646.0
cycle,15,x,10,0,random,0,,1,259.0
cycle,15,x,10,0,random,0,,1,261.0
cycle,15,x,10,0,random,0,,1,638.0
cycle,15,x,10,0,random,0,,1,2083.0
cycle,15,x,10,0,random,0,,1,791.0
cycle,15,x,10,0,random,0,,1,2112.0
cycle,15,x,10,0,random,0,,1,95.0
cycle,15,x,10,0,random,0,,1,489.0
cycle,15,x,10,0,random,0,,1,5100.0
cycle,15,x,10,0,random,0,,1,169.0
cycle,15,x,10,0,random,0,,1,2236.0
cycle,15,x,10,0,random,0,,1,239.0
cycle,15,x,10,0,random,0,,1,545.0
cycle,15,x,10,0,random,0,,1,433.0
cycle,15,x,10,0,random,0,,1,459.0
cycle,15,x,10,0,random,0,,1,354.0
cycle,15,x,10,0,random,0,,1,2443.0
cycle,15,x,10,0,random,0,,1,383.0
cycle,15,x,10,0,random,0,,1,752.0
cycle,15,x,10,0,random,0,,1,1485.0
cycle,15,x,10,0,random,0,,1,2253.0
cycle,15,x,10,0,random,0,,1,516.0
cycle,15,x,10,0,random,0,,1,1975.0
cycle,15,x,10,0,random,0,,1,5141.0
cycle,15,x,10,0,random,0,,1,144.0
cycle,15,x,10,0,random,0,,1,486.0
cycle,15,x,10,0,random,0,,1,473.0
cycle,15,x,10,0,random,0,,1,541.0
cycle,15,x,10,0,random,0,,1,491.0
cycle,15,x,10,0,random,0,,1,136.0
cycle,15,x,10,0,random,0,,1,244.0
cycle,15,x,10,0,random,0,,1,252.0
cycle,15,x,10,0,random,0,,1,547.0
cycle,15,x,10,0,random,0,,1,537.0
cycle,15,x,10,0,random,0,,1,2208.0
cycle,15,x,10,0,random,0,,1,233.0
cycle,15,x,10,0,random,0,,1,663.0
cycle,15,x,10,0,random,0,,1,2424.0
cycle,15,x,10,0,random,0,,1,506.0
cycle,15,x,10,0,random,0,,1,667.0
cycle,15,x,10,0,random,0,,1,2282.0
cycle,15,x,10,0,random,0,,1,2639.0
cycle,15,x,10,0,random,0,,1,701.0
cycle,15,x,10,0,random,0,,1,559.0
cycle,15,x,10,0,random,0,,1,549.0
cycle,15,x,10,0,random,0,,1,157.0
cycle,15,x,10,0,random,0,,1,2044.0
cycle,15,x,10,0,random,0,,1,2196.0
cycle,15,x,10,0,random,0,,1,2100.0
cycle,15,x,10,0,random,0,,1,1958.0
cycle,15,x,10,0,random,0,,1,944.0
cycle,15,x,10,0,random,0,,1,2516.0
cycle,15,x,10,0,random,0,,1,5063.0
cycle,15,x,10,0,random,0,,1,323.0
cycle,15,x,10,0,random,0,,1,39.0
cycle,15,x,10,0,random,0,,1,587.0
cycle,15,x,10,0,random,0,,1,2217.0
cycle,15,x,10,0,random,0,,1,2055.0
cycle,15,x,10,0,random,0,,1,611.0
cycle,15,x,10,0,random,0,,1,5136.0
cycle,15,x,10,0,random,0,,1,2165.0
cycle,15,x,10,0,random,0,,1,201.0
cycle,15,x,10,0,random,0,,1,300.0
cycle,15,x,10,0,random,0,,1,267.0
cycle,15,x,10,0,random,0,,1,229.0
cycle,15,x,10,0,random,1,247.0,0,
cycle,16,x,10,0,random,0,,1,838.0
cycle,16,x,10,0,random,0,,1,413.0
cycle,16,x,10,0,random,0,,1,199.0
cycle,16,x,10,0,random,0,,1,6110.0
cycle,16,x,10,0,random,0,,1,195.0
cycle,16,x,10,0,random,0,,1,5990.0
cycle,16,x,10,0,random,0,,1,402.0
cycle,16,x,10,0,random,0,,1,187.0
cycle,16,x,10,0,random,0,,1,573.0
cycle,16,x,10,0,random,0,,1,1245.0
cycle,16,x,10,0,random,0,,1,431.0
cycle,16,x,10,0,random,0,,1,264.0
cycle,16,x,10,0,random,0,,1,727.0
cycle,16,x,10,0,random,0,,1,364.0
cycle,16,x,10,0,random,0,,1,411.0
cycle,16,x,10,0,random,0,,1,5842.0
cycle,16,x,10,0,random,0,,1,364.0
cycle,16,x,10,0,random,0,,1,246.0
cycle,16,x,10,0,random,0,,1,603.0
cycle,16,x,10,0,random,0,,1,570.0
cycle,16,x,10,0,random,0,,1,933.0
cycle,16,x,10,0,random,0,,1,5922.0
cycle,16,x,10,0,random,0,,1,507.0
cycle,16,x,10,0,random,0,,1,5885.0
cycle,16,x,10,0,random,0,,1,1329.0
cycle,16,x,10,0,random,0,,1,6133.0
cycle,16,x,10,0,random,0,,1,5703.0
cycle,16,x,10,0,random,0,,1,5515.0
cycle,16,x,10,0,random,0,,1,5865.0
cycle,16,x,10,0,random,0,,1,479.0
cycle,16,x,10,0,random,0,,1,5514.0
cycle,16,x,10,0,random,0,,1,281.0
cycle,16,x,10,0,random,0,,1,314.0
cycle,16,x,10,0,random,0,,1,5745.0
cycle,16,x,10,0,random,0,,1,380.0
cycle,16,x,10,0,random,0,,1,5842.0
cycle,16,x,10,0,random,0,,1,235.0
cycle,16,x,10,0,random,0,,1,5754.0
cycle,16,x,10,0,random,0,,1,5836.0
cycle,16,x,10,0,random,0,,1,5529.0
cycle,16,x,10,0,random,0,,1,330.0
cycle,16,x,10,0,random,0,,1,5747.0
cycle,16,x,10,0,random,0,,1,5748.0
cycle,16,x,10,0,random,0,,1,460.0
cycle,16,x,10,0,random,0,,1,1338.0
cycle,16,x,10,0,random,0,,1,837.0
cycle,16,x,10,0,random,0,,1,949.0
cycle,16,x,10,0,random,0,,1,445.0
cycle,16,x,10,0,random,0,,1,858.0
cycle,16,x,10,0,random,0,,1,931.0
cycle,16,x,10,0,random,0,,1,470.0
cycle,16,x,10,0,random,0,,1,5648.0
cycle,16,x,10,0,random,0,,1,349.0
cycle,16,x,10,0,random,0,,1,6122.0
cycle,16,x,10,0,random,0,,1,653.0
cycle,16,x,10,0,random,0,,1,221.0
cycle,16,x,10,0,random,0,,1,5900.0
cycle,16,x,10,0,random,0,,1,5770.0
cycle,16,x,10,0,random,0,,1,420.0
cycle,16,x,10,0,random,0,,1,145.0
cycle,16,x,10,0,random,0,,1,271.0
cycle,16,x,10,0,random,0,,1,5613.0
cycle,16,x,10,0,random,0,,1,263.0
cycle,16,x,10,0,random,0,,1,912.0
cycle,16,x,10,0,random,0,,1,548.0
cycle,16,x,10,0,random,0,,1,454.0
cycle,16,x,10,0,random,0,,1,6043.0
cycle,16,x,10,0,random,0,,1,496.0
cycle,16,x,10,0,random,0,,1,5623.0
cycle,16,x,10,0,random,0,,1,6245.0
cycle,16,x,10,0,random,0,,1,594.0
cycle,16,x,10,0,random,0,,1,5765.0
cycle,16,x,10,0,random,0,,1,1307.0
cycle,16,x,10,0,random,0,,1,461.0
cycle,16,x,10,0,random,0,,1,5333.0
cycle,16,x,10,0,random,0,,1,5745.0
cycle,16,x,10,0,random,0,,1,388.0
cycle,16,x,10,0,random,0,,1,5725.0
cycle,16,x,10,0,random,0,,1,329.0
cycle,16,x,10,0,random,0,,1,965.0
cycle,16,x,10,0,random,0,,1,293.0
cycle,16,x,10,0,random,0,,1,432.0
cycle,16,x,10,0,random,0,,1,445.0
cycle,16,x,10,0,random,0,,1,6092.0
cycle,16,x,10,0,random,0,,1,1074.0
cycle,16,x,10,0,random,0,,1,977.0
cycle,16,x,10,0,random,0,,1,284.0
cycle,16,x,10,0,random,0,,1,490.0
cycle,16,x,10,0,random,0,,1,445.0
cycle,16,x,10,0,random,0,,1,654.0
cycle,16,x,10,0,random,0,,1,309.0
cycle,16,x,10,0,random,0,,1,406.0
cycle,16,x,10,0,random,0,,1,668.0
cycle,16,x,10,0,random,0,,1,1472.0
cycle,16,x,10,0,random,0,,1,5837.0
cycle,16,x,10,0,random,0,,1,1175.0
cycle,16,x,10,0,random,0,,1,356.0
cycle,16,x,10,0,random,0,,1,5689.0
cycle,16,x,10,0,random,0,,1,620.0
cycle,16,x,10,0,random,0,,1,624.0
cycle,17,x,10,0,random,0,,1,380.0
cycle,17,x,10,0,random,0,,1,498.0
cycle,17,x,10,0,random,0,,1,381.0
cycle,17,x,10,0,random,0,,1,277.0
cycle,17,x,10,0,random,0,,1,950.0
cycle,17,x,10,0,random,0,,1,719.0
cycle,17,x,10,0,random,0,,1,449.0
cycle,17,x,10,0,random,0,,1,5715.0
cycle,17,x,10,0,random,0,,1,162.0
cycle,17,x,10,0,random,0,,1,854.0
cycle,17,x,10,0,random,0,,1,5700.0
cycle,17,x,10,0,random,0,,1,500.0
cycle,17,x,10,0,random,0,,1,379.0
cycle,17,x,10,0,random,0,,1,337.0
cycle,17,x,10,0,random,0,,1,409.0
cycle,17,x,10,0,random,0,,1,472.0
cycle,17,x,10,0,random,0,,1,569.0
cycle,17,x,10,0,random,0,,1,474.0
cycle,17,x,10,0,random,0,,1,331.0
cycle,17,x,10,0,random,0,,1,483.0
cycle,17,x,10,0,random,0,,1,363.0
cycle,17,x,10,0,random,0,,1,478.0
cycle,17,x,10,0,random,0,,1,457.0
cycle,17,x,10,0,random,0,,1,3733.0
cycle,17,x,10,0,random,0,,1,586.0
cycle,17,x,10,0,random,0,,1,511.0
cycle,17,x,10,0,random,0,,1,1331.0
cycle,17,x,10,0,random,0,,1,1217.0
cycle,17,x,10,0,random,0,,1,544.0
cycle,17,x,10,0,random,0,,1,581.0
cycle,17,x,10,0,random,0,,1,334.0
cycle,17,x,10,0,random,0,,1,315.0
cycle,17,x,10,0,random,0,,1,468.0
cycle,17,x,10,0,random,0,,1,452.0
cycle,17,x,10,0,random,0,,1,431.0
cycle,17,x,10,0,random,0,,1,416.0
cycle,17,x,10,0,random,0,,1,450.0
cycle,17,x,10,0,random,0,,1,1121.0
cycle,17,x,10,0,random,0,,1,1220.0
cycle,17,x,10,0,random,0,,1,1372.0
cycle,17,x,10,0,random,0,,1,5892.0
cycle,17,x,10,0,random,0,,1,328.0
cycle,17,x,10,0,random,0,,1,1094.0
cycle,17,x,10,0,random,0,,1,714.0
cycle,17,x,10,0,random,0,,1,679.0
cycle,17,x,10,0,random,0,,1,407.0
cycle,17,x,10,0,random,0,,1,4314.0
cycle,17,x,10,0,random,0,,1,200.0
cycle,17,x,10,0,random,0,,1,419.0
cycle,17,x,10,0,random,0,,1,557.0
cycle,17,x,10,0,random,0,,1,780.0
cycle,17,x,10,0,random,0,,1,477.0
cycle,17,x,10,0,random,0,,1,558.0
cycle,17,x,10,0,random,0,,1,510.0
cycle,17,x,10,0,random,0,,1,533.0
cycle,17,x,10,0,random,0,,1,525.0
cycle,17,x,10,0,random,0,,1,518.0
cycle,17,x,10,0,random,0,,1,458.0
cycle,17,x,10,0,random,0,,1,7666.0
cycle,17,x,10,0,random,0,,1,679.0
cycle,17,x,10,0,random,0,,1,1190.0
cycle,17,x,10,0,random,0,,1,421.0
cycle,17,x,10,0,random,0,,1,748.0
cycle,17,x,10,0,random,0,,1,266.0
cycle,17,x,10,0,random,0,,1,340.0
cycle,17,x,10,0,random,0,,1,7248.0
cycle,17,x,10,0,random,0,,1,320.0
cycle,17,x,10,0,random,0,,1,294.0
cycle,17,x,10,0,random,0,,1,243.0
cycle,17,x,10,0,random,0,,1,288.0
cycle,17,x,10,0,random,0,,1,547.0
cycle,17,x,10,0,random,0,,1,327.0
cycle,17,x,10,0,random,0,,1,449.0
cycle,17,x,10,0,random,0,,1,504.0
cycle,17,x,10,0,random,0,,1,1041.0
cycle,17,x,10,0,random,0,,1,786.0
cycle,17,x,10,0,random,0,,1,557.0
cycle,17,x,10,0,random,0,,1,533.0
cycle,17,x,10,0,random,0,,1,591.0
cycle,17,x,10,0,random,0,,1,321.0
cycle,17,x,10,0,random,0,,1,603.0
cycle,17,x,10,0,random,0,,1,485.0
cycle,17,x,10,0,random,0,,1,409.0
cycle,17,x,10,0,random,0,,1,446.0
cycle,17,x,10,0,random,0,,1,343.0
cycle,17,x,10,0,random,0,,1,502.0
cycle,17,x,10,0,random,0,,1,545.0
cycle,17,x,10,0,random,0,,1,7499.0
cycle,17,x,10,0,random,0,,1,337.0
cycle,17,x,10,0,random,0,,1,345.0
cycle,17,x,10,0,random,0,,1,441.0
cycle,17,x,10,0,random,0,,1,974.0
cycle,17,x,10,0,random,0,,1,7311.0
cycle,17,x,10,0,random,0,,1,3845.0
cycle,17,x,10,0,random,0,,1,1153.0
cycle,17,x,10,0,random,0,,1,5671.0
cycle,17,x,10,0,random,0,,1,469.0
cycle,17,x,10,0,random,0,,1,673.0
cycle,17,x,10,0,random,0,,1,269.0
cycle,17,x,10,0,random,0,,1,191.0
cycle,18,x,10,0,random,0,,1,407.0
cycle,18,x,10,0,random,0,,1,3898.0
cycle,18,x,10,0,random,0,,1,291.0
cycle,18,x,10,0,random,0,,1,473.0
cycle,18,x,10,0,random,0,,1,416.0
cycle,18,x,10,0,random,0,,1,729.0
cycle,18,x,10,0,random,0,,1,3896.0
cycle,18,x,10,0,random,0,,1,408.0
cycle,18,x,10,0,random,0,,1,223.0
cycle,18,x,10,0,random,0,,1,912.0
cycle,18,x,10,0,random,0,,1,608.0
cycle,18,x,10,0,random,0,,1,530.0
cycle,18,x,10,0,random,0,,1,516.0
cycle,18,x,10,0,random,0,,1,1050.0
cycle,18,x,10,0,random,0,,1,815.0
cycle,18,x,10,0,random,0,,1,320.0
cycle,18,x,10,0,random,0,,1,317.0
cycle,18,x,10,0,random,0,,1,1102.0
cycle,18,x,10,0,random,0,,1,365.0
cycle,18,x,10,0,random,0,,1,768.0
cycle,18,x,10,0,random,0,,1,531.0
cycle,18,x,10,0,random,0,,1,889.0
cycle,18,x,10,0,random,0,,1,322.0
cycle,18,x,10,0,random,0,,1,543.0
cycle,18,x,10,0,random,0,,1,381.0
cycle,18,x,10,0,random,0,,1,357.0
cycle,18,x,10,0,random,0,,1,514.0
cycle,18,x,10,0,random,0,,1,431.0
cycle,18,x,10,0,random,0,,1,1274.0
cycle,18,x,10,0,random,0,,1,739.0
cycle,18,x,10,0,random,0,,1,700.0
cycle,18,x,10,0,random,0,,1,1065.0
cycle,18,x,10,0,random,0,,1,419.0
cycle,18,x,10,0,random,0,,1,4160.0
cycle,18,x,10,0,random,0,,1,552.0
cycle,18,x,10,0,random,0,,1,829.0
cycle,18,x,10,0,random,0,,1,1252.0
cycle,18,x,10,0,random,0,,1,377.0
cycle,18,x,10,0,random,0,,1,464.0
cycle,18,x,10,0,random,0,,1,513.0
cycle,18,x,10,0,random,0,,1,575.0
cycle,18,x,10,0,random,0,,1,220.0
cycle,18,x,10,0,random,0,,1,1046.0
cycle,18,x,10,0,random,0,,1,479.0
cycle,18,x,10,0,random,0,,1,321.0
cycle,18,x,10,0,random,0,,1,665.0
cycle,18,x,10,0,random,0,,1,311.0
cycle,18,x,10,0,random,0,,1,538.0
cycle,18,x,10,0,random,0,,1,710.0
cycle,18,x,10,0,random,0,,1,620.0
cycle,18,x,10,0,random,0,,1,1281.0
cycle,18,x,10,0,random,0,,1,354.0
cycle,18,x,10,0,random,0,,1,584.0
cycle,18,x,10,0,random,0,,1,515.0
cycle,18,x,10,0,random,0,,1,441.0
cycle,18,x,10,0,random,0,,1,1104.0
cycle,18,x,10,0,random,0,,1,484.0
cycle,18,x,10,0,random,0,,1,931.0
cycle,18,x,10,0,random,0,,1,593.0
cycle,18,x,10,0,random,0,,1,771.0
cycle,18,x,10,0,random,0,,1,621.0
cycle,18,x,10,0,random,0,,1,527.0
cycle,18,x,10,0,random,0,,1,418.0
cycle,18,x,10,0,random,0,,1,574.0
cycle,18,x,10,0,random,0,,1,198.0
cycle,18,x,10,0,random,0,,1,535.0
cycle,18,x,10,0,random,0,,1,732.0
cycle,18,x,10,0,random,0,,1,744.0
cycle,18,x,10,0,random,0,,1,1471.0
cycle,18,x,10,0,random,0,,1,1202.0
cycle,18,x,10,0,random,0,,1,487.0
cycle,18,x,10,0,random,0,,1,549.0
cycle,18,x,10,0,random,0,,1,556.0
cycle,18,x,10,0,random,0,,1,353.0
cycle,18,x,10,0,random,0,,1,369.0
cycle,18,x,10,0,random,0,,1,480.0
cycle,18,x,10,0,random,0,,1,395.0
cycle,18,x,10,0,random,0,,1,3932.0
cycle,18,x,10,0,random,0,,1,297.0
cycle,18,x,10,0,random,0,,1,745.0
cycle,18,x,10,0,random,0,,1,877.0
cycle,18,x,10,0,random,0,,1,457.0
cycle,18,x,10,0,random,0,,1,475.0
cycle,18,x,10,0,random,0,,1,540.0
cycle,18,x,10,0,random,0,,1,686.0
cycle,18,x,10,0,random,0,,1,229.0
cycle,18,x,10,0,random,0,,1,474.0
cycle,18,x,10,0,random,0,,1,899.0
cycle,18,x,10,0,random,0,,1,375.0
cycle,18,x,10,0,random,0,,1,291.0
cycle,18,x,10,0,random,0,,1,367.0
cycle,18,x,10,0,random,0,,1,835.0
cycle,18,x,10,0,random,0,,1,305.0
cycle,18,x,10,0,random,0,,1,420.0
cycle,18,x,10,0,random,0,,1,441.0
cycle,18,x,10,0,random,0,,1,622.0
cycle,18,x,10,0,random,0,,1,190.0
cycle,18,x,10,0,random,0,,1,633.0
cycle,18,x,10,0,random,0,,1,991.0
cycle,18,x,10,0,random,0,,1,1255.0
cycle,19,x,10,0,random,0,,1,379.0
cycle,19,x,10,0,random,0,,1,9779.0
cycle,19,x,10,0,random,0,,1,8088.0
cycle,19,x,10,0,random,0,,1,363.0
cycle,19,x,10,0,random,0,,1,2015.0
cycle,19,x,10,0,random,0,,1,344.0
cycle,19,x,10,0,random,0,,1,2313.0
cycle,19,x,10,0,random,0,,1,228.0
cycle,19,x,10,0,random,0,,1,203.0
cycle,19,x,10,0,random,0,,1,615.0
cycle,19,x,10,0,random,0,,1,779.0
cycle,19,x,10,0,random,0,,1,349.0
cycle,19,x,10,0,random,0,,1,830.0
cycle,19,x,10,0,random,0,,1,352.0
cycle,19,x,10,0,random,0,,1,795.0
cycle,19,x,10,0,random,0,,1,841.0
cycle,19,x,10,0,random,0,,1,645.0
cycle,19,x,10,0,random,0,,1,1110.0
cycle,19,x,10,0,random,0,,1,1762.0
cycle,19,x,10,0,random,0,,1,1192.0
cycle,19,x,10,0,random,0,,1,2037.0
cycle,19,x,10,0,random,0,,1,1585.0
cycle,19,x,10,0,random,0,,1,1291.0
cycle,19,x,10,0,random,0,,1,1253.0
cycle,19,x,10,0,random,0,,1,379.0
cycle,19,x,10,0,random,0,,1,2027.0
cycle,19,x,10,0,random,0,,1,106.0
cycle,19,x,10,0,random,0,,1,463.0
cycle,19,x,10,0,random,0,,1,8596.0
cycle,19,x,10,0,random,0,,1,906.0
cycle,19,x,10,0,random,0,,1,969.0
cycle,19,x,10,0,random,0,,1,890.0
cycle,19,x,10,0,random,0,,1,395.0
cycle,19,x,10,0,random,0,,1,951.0
cycle,19,x,10,0,random,0,,1,1970.0
cycle,19,x,10,0,random,0,,1,9946.0
cycle,19,x,10,0,random,0,,1,8468.0
cycle,19,x,10,0,random,0,,1,844.0
cycle,19,x,10,0,random,0,,1,574.0
cycle,19,x,10,0,random,0,,1,1119.0
cycle,19,x,10,0,random,0,,1,1026.0
cycle,19,x,10,0,random,0,,1,794.0
cycle,19,x,10,0,random,0,,1,8795.0
cycle,19,x,10,0,random,0,,1,2059.0
cycle,19,x,10,0,random,0,,1,454.0
cycle,19,x,10,0,random,0,,1,359.0
cycle,19,x,10,0,random,0,,1,212.0
cycle,19,x,10,0,random,0,,1,803.0
cycle,19,x,10,0,random,0,,1,439.0
cycle,19,x,10,0,random,0,,1,407.0
cycle,19,x,10,0,random,0,,1,1512.0
cycle,19,x,10,0,random,0,,1,1147.0
cycle,19,x,10,0,random,0,,1,1179.0
cycle,19,x,10,0,random,0,,1,677.0
cycle,19,x,10,0,random,0,,1,731.0
cycle,19,x,10,0,random,0,,1,321.0
cycle,19,x,10,0,random,0,,1,8194.0
cycle,19,x,10,0,random,0,,1,1736.0
cycle,19,x,10,0,random,0,,1,819.0
cycle,19,x,10,0,random,0,,1,1198.0
cycle,19,x,10,0,random,0,,1,1246.0
cycle,19,x,10,0,random,0,,1,1850.0
cycle,19,x,10,0,random,0,,1,364.0
cycle,19,x,10,0,random,0,,1,270.0
cycle,19,x,10,0,random,0,,1,547.0
cycle,19,x,10,0,random,0,,1,627.0
cycle,19,x,10,0,random,0,,1,766.0
cycle,19,x,10,0,random,0,,1,1871.0
cycle,19,x,10,0,random,0,,1,241.0
cycle,19,x,10,0,random,0,,1,863.0
cycle,19,x,10,0,random,0,,1,2391.0
cycle,19,x,10,0,random,0,,1,493.0
cycle,19,x,10,0,random,0,,1,571.0
cycle,19,x,10,0,random,0,,1,2007.0
cycle,19,x,10,0,random,0,,1,755.0
cycle,19,x,10,0,random,0,,1,381.0
cycle,19,x,10,0,random,0,,1,761.0
cycle,19,x,10,0,random,0,,1,2010.0
cycle,19,x,10,0,random,0,,1,358.0
cycle,19,x,10,0,random,0,,1,433.0
cycle,19,x,10,0,random,0,,1,888.0
cycle,19,x,10,0,random,0,,1,1621.0
cycle,19,x,10,0,random,0,,1,434.0
cycle,19,x,10,0,random,0,,1,650.0
cycle,19,x,10,0,random,0,,1,1338.0
cycle,19,x,10,0,random,0,,1,2014.0
cycle,19,x,10,0,random,0,,1,1715.0
cycle,19,x,10,0,random,0,,1,773.0
cycle,19,x,10,0,random,0,,1,748.0
cycle,19,x,10,0,random,0,,1,337.0
cycle,19,x,10,0,random,0,,1,512.0
cycle,19,x,10,0,random,0,,1,360.0
cycle,19,x,10,0,random,0,,1,840.0
cycle,19,x,10,0,random,0,,1,284.0
cycle,19,x,10,0,random,0,,1,325.0
cycle,19,x,10,0,random,0,,1,1788.0
cycle,19,x,10,0,random,0,,1,1845.0
cycle,19,x,10,0,random,0,,1,2371.0
cycle,19,x,10,0,random,0,,1,526.0
cycle,19,x,10,0,random,0,,1,486.0
cycle,20,x,10,0,random,0,,1,467.0
cycle,20,x,10,0,random,0,,1,423.0
cycle,20,x,10,0,random,0,,1,583.0
cycle,20,x,10,0,random,0,,0,
cycle,20,x,10,0,random,0,,1,974.0
cycle,20,x,10,0,random,0,,1,793.0
cycle,20,x,10,0,random,0,,1,328.0
cycle,20,x,10,0,random,0,,1,1038.0
cycle,20,x,10,0,random,0,,0,
cycle,20,x,10,0,random,0,,1,1204.0
cycle,20,x,10,0,random,0,,1,914.0
cycle,20,x,10,0,random,0,,1,662.0
cycle,20,x,10,0,random,0,,1,326.0
cycle,20,x,10,0,random,0,,1,657.0
cycle,20,x,10,0,random,0,,1,644.0
cycle,20,x,10,0,random,0,,0,
cycle,20,x,10,0,random,0,,1,377.0
cycle,20,x,10,0,random,0,,1,1034.0
cycle,20,x,10,0,random,0,,0,
cycle,20,x,10,0,random,0,,1,797.0
cycle,20,x,10,0,random,0,,1,1746.0
cycle,20,x,10,0,random,0,,1,565.0
cycle,20,x,10,0,random,0,,1,2151.0
cycle,20,x,10,0,random,0,,0,
cycle,20,x,10,0,random,0,,1,953.0
cycle,20,x,10,0,random,0,,1,928.0
cycle,20,x,10,0,random,0,,1,1039.0
cycle,20,x,10,0,random,0,,1,1224.0
cycle,20,x,10,0,random,0,,1,762.0
cycle,20,x,10,0,random,0,,1,301.0
cycle,20,x,10,0,random,0,,1,476.0
cycle,20,x,10,0,random,0,,1,1804.0
cycle,20,x,10,0,random,0,,1,989.0
cycle,20,x,10,0,random,0,,1,772.0
cycle,20,x,10,0,random,0,,1,936.0
cycle,20,x,10,0,random,0,,1,385.0
cycle,20,x,10,0,random,0,,1,935.0
cycle,20,x,10,0,random,0,,1,786.0
cycle,20,x,10,0,random,0,,0,
cycle,20,x,10,0,random,0,,1,915.0
cycle,20,x,10,0,random,0,,1,250.0
cycle,20,x,10,0,random,0,,1,639.0
cycle,20,x,10,0,random,0,,1,501.0
cycle,20,x,10,0,random,0,,1,671.0
cycle,20,x,10,0,random,0,,0,
cycle,20,x,10,0,random,0,,1,861.0
cycle,20,x,10,0,random,0,,1,604.0
cycle,20,x,10,0,random,0,,1,760.0
cycle,20,x,10,0,random,0,,0,
cycle,20,x,10,0,random,0,,1,518.0
cycle,20,x,10,0,random,0,,0,
cycle,20,x,10,0,random,0,,1,422.0
cycle,20,x,10,0,random,0,,1,606.0
cycle,20,x,10,0,random,0,,1,1508.0
cycle,20,x,10,0,random,0,,0,
cycle,20,x,10,0,random,0,,1,793.0
cycle,20,x,10,0,random,0,,1,235.0
cycle,20,x,10,0,random,0,,1,722.0
cycle,20,x,10,0,random,0,,1,722.0
cycle,20,x,10,0,random,0,,1,669.0
cycle,20,x,10,0,random,0,,1,353.0
cycle,20,x,10,0,random,0,,0,
cycle,20,x,10,0,random,0,,1,1087.0
cycle,20,x,10,0,random,0,,1,961.0
cycle,20,x,10,0,random,0,,1,969.0
cycle,20,x,10,0,random,0,,1,796.0
cycle,20,x,10,0,random,0,,0,
cycle,20,x,10,0,random,0,,1,614.0
cycle,20,x,10,0,random,0,,1,738.0
cycle,20,x,10,0,random,0,,1,916.0
cycle,20,x,10,0,random,0,,1,1215.0
cycle,20,x,10,0,random,0,,1,862.0
cycle,20,x,10,0,random,0,,1,712.0
cycle,20,x,10,0,random,0,,1,915.0
cycle,20,x,10,0,random,0,,1,795.0
cycle,20,x,10,0,random,0,,1,719.0
cycle,20,x,10,0,random,0,,0,
cycle,20,x,10,0,random,0,,1,828.0
cycle,20,x,10,0,random,0,,1,923.0
cycle,20,x,10,0,random,0,,1,417.0
cycle,20,x,10,0,random,0,,1,1642.0
cycle,20,x,10,0,random,0,,1,614.0
cycle,20,x,10,0,random,0,,1,345.0
cycle,20,x,10,0,random,0,,1,1028.0
cycle,20,x,10,0,random,0,,1,1269.0
cycle,20,x,10,0,random,0,,0,
cycle,20,x,10,0,random,0,,1,984.0
cycle,20,x,10,0,random,0,,0,
cycle,20,x,10,0,random,0,,1,682.0
cycle,20,x,10,0,random,0,,0,
cycle,20,x,10,0,random,0,,1,1456.0
cycle,20,x,10,0,random,0,,1,673.0
cycle,20,x,10,0,random,0,,1,979.0
cycle,20,x,10,0,random,0,,1,247.0
cycle,20,x,10,0,random,0,,1,1587.0
cycle,20,x,10,0,random,0,,1,593.0
cycle,20,x,10,0,random,0,,1,581.0
cycle,20,x,10,0,random,0,,1,1120.0
cycle,20,x,10,0,random,0,,0,
cycle,20,x,10,0,random,0,,1,937.0
cycle,21,x,10,0,random,0,,1,922.0
cycle,21,x,10,0,random,0,,1,1057.0
cycle,21,x,10,0,random,0,,1,447.0
cycle,21,x,10,0,random,0,,1,587.0
cycle,21,x,10,0,random,0,,0,
cycle,21,x,10,0,random,0,,1,909.0
cycle,21,x,10,0,random,0,,1,329.0
cycle,21,x,10,0,random,0,,1,671.0
cycle,21,x,10,0,random,0,,0,
cycle,21,x,10,0,random,0,,1,533.0
cycle,21,x,10,0,random,0,,1,1199.0
cycle,21,x,10,0,random,0,,1,699.0
cycle,21,x,10,0,random,0,,1,630.0
cycle,21,x,10,0,random,0,,1,1702.0
cycle,21,x,10,0,random,0,,1,945.0
cycle,21,x,10,0,random,0,,1,392.0
cycle,21,x,10,0,random,0,,1,503.0
cycle,21,x,10,0,random,0,,1,1630.0
cycle,21,x,10,0,random,0,,1,1188.0
cycle,21,x,10,0,random,1,392.0,0,
cycle,21,x,10,0,random,0,,1,835.0
cycle,21,x,10,0,random,0,,1,699.0
cycle,21,x,10,0,random,0,,1,861.0
cycle,21,x,10,0,random,0,,1,628.0
cycle,21,x,10,0,random,0,,1,2108.0
cycle,21,x,10,0,random,0,,1,453.0
cycle,21,x,10,0,random,0,,1,1379.0
cycle,21,x,10,0,random,0,,1,1657.0
cycle,21,x,10,0,random,0,,1,1623.0
cycle,21,x,10,0,random,0,,1,440.0
cycle,21,x,10,0,random,0,,1,1177.0
cycle,21,x,10,0,random,0,,1,629.0
cycle,21,x,10,0,random,0,,1,525.0
cycle,21,x,10,0,random,0,,1,1681.0
cycle,21,x,10,0,random,0,,1,572.0
cycle,21,x,10,0,random,0,,0,
cycle,21,x,10,0,random,0,,1,1255.0
cycle,21,x,10,0,random,0,,0,
cycle,21,x,10,0,random,0,,1,606.0
cycle,21,x,10,0,random,0,,1,1718.0
cycle,21,x,10,0,random,0,,0,
cycle,21,x,10,0,random,0,,1,477.0
cycle,21,x,10,0,random,0,,1,1269.0
cycle,21,x,10,0,random,0,,1,2190.0
cycle,21,x,10,0,random,0,,1,1544.0
cycle,21,x,10,0,random,0,,1,780.0
cycle,21,x,10,0,random,0,,1,726.0
cycle,21,x,10,0,random,0,,1,371.0
cycle,21,x,10,0,random,0,,1,808.0
cycle,21,x,10,0,random,0,,1,653.0
cycle,21,x,10,0,random,0,,1,1434.0
cycle,21,x,10,0,random,0,,1,1771.0
cycle,21,x,10,0,random,0,,1,1399.0
cycle,21,x,10,0,random,0,,1,161.0
cycle,21,x,10,0,random,0,,1,1677.0
cycle,21,x,10,0,random,0,,1,955.0
cycle,21,x,10,0,random,0,,1,2256.0
cycle,21,x,10,0,random,0,,1,1380.0
cycle,21,x,10,0,random,0,,0,
cycle,21,x,10,0,random,0,,1,571.0
cycle,21,x,10,0,random,0,,1,660.0
cycle,21,x,10,0,random,0,,1,1455.0
cycle,21,x,10,0,random,0,,1,569.0
cycle,21,x,10,0,random,0,,1,1871.0
cycle,21,x,10,0,random,0,,1,520.0
cycle,21,x,10,0,random,0,,1,551.0
cycle,21,x,10,0,random,0,,1,592.0
cycle,21,x,10,0,random,0,,1,547.0
cycle,21,x,10,0,random,0,,1,646.0
cycle,21,x,10,0,random,0,,1,1424.0
cycle,21,x,10,0,random,0,,1,1080.0
cycle,21,x,10,0,random,0,,1,1981.0
cycle,21,x,10,0,random,0,,1,669.0
cycle,21,x,10,0,random,0,,1,542.0
cycle,21,x,10,0,random,0,,1,772.0
cycle,21,x,10,0,random,0,,1,884.0
cycle,21,x,10,0,random,0,,1,617.0
cycle,21,x,10,0,random,0,,1,1456.0
cycle,21,x,10,0,random,0,,1,1892.0
cycle,21,x,10,0,random,0,,1,288.0
cycle,21,x,10,0,random,0,,1,713.0
cycle,21,x,10,0,random,0,,1,7536.0
cycle,21,x,10,0,random,0,,1,1507.0
cycle,21,x,10,0,random,0,,1,1058.0
cycle,21,x,10,0,random,0,,1,522.0
cycle,21,x,10,0,random,0,,1,749.0
cycle,21,x,10,0,random,0,,1,467.0
cycle,21,x,10,0,random,0,,1,702.0
cycle,21,x,10,0,random,0,,0,
cycle,21,x,10,0,random,0,,1,821.0
cycle,21,x,10,0,random,0,,1,534.0
cycle,21,x,10,0,random,0,,1,1143.0
cycle,21,x,10,0,random,0,,1,448.0
cycle,21,x,10,0,random,0,,1,1151.0
cycle,21,x,10,0,random,0,,1,1121.0
cycle,21,x,10,0,random,0,,0,
cycle,21,x,10,0,random,0,,1,932.0
cycle,21,x,10,0,random,0,,1,1701.0
cycle,21,x,10,0,random,0,,1,1430.0
cycle,21,x,10,0,random,0,,1,872.0
cycle,22,x,10,0,random,0,,1,1736.0
cycle,22,x,10,0,random,0,,1,558.0
cycle,22,x,10,0,random,0,,1,1074.0
cycle,22,x,10,0,random,0,,1,7464.0
cycle,22,x,10,0,random,0,,1,2296.0
cycle,22,x,10,0,random,0,,1,2018.0
cycle,22,x,10,0,random,0,,1,1274.0
cycle,22,x,10,0,random,0,,1,1609.0
cycle,22,x,10,0,random,0,,1,1095.0
cycle,22,x,10,0,random,0,,1,2045.0
cycle,22,x,10,0,random,0,,1,745.0
cycle,22,x,10,0,random,0,,0,
cycle,22,x,10,0,random,0,,1,390.0
cycle,22,x,10,0,random,0,,1,1151.0
cycle,22,x,10,0,random,0,,1,257.0
cycle,22,x,10,0,random,0,,1,301.0
cycle,22,x,10,0,random,0,,1,8685.0
cycle,22,x,10,0,random,0,,1,1417.0
cycle,22,x,10,0,random,0,,1,295.0
cycle,22,x,10,0,random,0,,1,1748.0
cycle,22,x,10,0,random,0,,1,1472.0
cycle,22,x,10,0,random,0,,1,1074.0
cycle,22,x,10,0,random,0,,1,491.0
cycle,22,x,10,0,random,0,,1,455.0
cycle,22,x,10,0,random,0,,1,834.0
cycle,22,x,10,0,random,0,,1,779.0
cycle,22,x,10,0,random,0,,1,7604.0
cycle,22,x,10,0,random,0,,1,673.0
cycle,22,x,10,0,random,0,,1,617.0
cycle,22,x,10,0,random,0,,1,1152.0
cycle,22,x,10,0,random,0,,1,605.0
cycle,22,x,10,0,random,0,,1,619.0
cycle,22,x,10,0,random,0,,1,497.0
cycle,22,x,10,0,random,0,,1,491.0
cycle,22,x,10,0,random,0,,1,529.0
cycle,22,x,10,0,random,0,,1,1604.0
cycle,22,x,10,0,random,0,,1,231.0
cycle,22,x,10,0,random,0,,1,953.0
cycle,22,x,10,0,random,0,,1,1344.0
cycle,22,x,10,0,random,0,,1,1770.0
cycle,22,x,10,0,random,0,,1,639.0
cycle,22,x,10,0,random,0,,1,1127.0
cycle,22,x,10,0,random,0,,1,357.0
cycle,22,x,10,0,random,0,,1,454.0
cycle,22,x,10,0,random,0,,1,1174.0
cycle,22,x,10,0,random,0,,1,1743.0
cycle,22,x,10,0,random,1,191.0,0,
cycle,22,x,10,0,random,0,,1,940.0
cycle,22,x,10,0,random,0,,1,1860.0
cycle,22,x,10,0,random,0,,1,640.0
cycle,22,x,10,0,random,0,,1,1996.0
cycle,22,x,10,0,random,0,,1,320.0
cycle,22,x,10,0,random,0,,1,772.0
cycle,22,x,10,0,random,0,,1,2262.0
cycle,22,x,10,0,random,0,,1,1833.0
cycle,22,x,10,0,random,0,,1,391.0
cycle,22,x,10,0,random,0,,1,1255.0
cycle,22,x,10,0,random,0,,1,375.0
cycle,22,x,10,0,random,0,,1,7945.0
cycle,22,x,10,0,random,0,,1,509.0
cycle,22,x,10,0,random,0,,1,1039.0
cycle,22,x,10,0,random,0,,1,753.0
cycle,22,x,10,0,random,0,,1,864.0
cycle,22,x,10,0,random,0,,1,1077.0
cycle,22,x,10,0,random,0,,1,991.0
cycle,22,x,10,0,random,0,,1,1153.0
cycle,22,x,10,0,random,0,,1,1341.0
cycle,22,x,10,0,random,0,,1,7855.0
cycle,22,x,10,0,random,0,,1,262.0
cycle,22,x,10,0,random,0,,1,696.0
cycle,22,x,10,0,random,0,,1,615.0
cycle,22,x,10,0,random,0,,1,477.0
cycle,22,x,10,0,random,0,,1,1955.0
cycle,22,x,10,0,random,0,,1,886.0
cycle,22,x,10,0,random,0,,1,719.0
cycle,22,x,10,0,random,0,,1,698.0
cycle,22,x,10,0,random,0,,1,506.0
cycle,22,x,10,0,random,0,,1,1059.0
cycle,22,x,10,0,random,0,,1,302.0
cycle,22,x,10,0,random,0,,1,254.0
cycle,22,x,10,0,random,0,,1,640.0
cycle,22,x,10,0,random,0,,1,507.0
cycle,22,x,10,0,random,0,,1,1160.0
cycle,22,x,10,0,random,0,,1,245.0
cycle,22,x,10,0,random,0,,1,669.0
cycle,22,x,10,0,random,0,,1,413.0
cycle,22,x,10,0,random,0,,1,810.0
cycle,22,x,10,0,random,0,,1,601.0
cycle,22,x,10,0,random,0,,1,1272.0
cycle,22,x,10,0,random,0,,1,2591.0
cycle,22,x,10,0,random,0,,1,250.0
cycle,22,x,10,0,random,0,,1,1387.0
cycle,22,x,10,0,random,0,,1,2910.0
cycle,22,x,10,0,random,0,,1,7799.0
cycle,22,x,10,0,random,0,,1,1503.0
cycle,22,x,10,0,random,0,,1,463.0
cycle,22,x,10,0,random,0,,1,676.0
cycle,22,x,10,0,random,0,,1,682.0
cycle,22,x,10,0,random,0,,1,1057.0
cycle,22,x,10,0,random,0,,1,1610.0
cycle,23,x,10,0,random,0,,1,1103.0
cycle,23,x,10,0,random,0,,1,672.0
cycle,23,x,10,0,random,0,,0,
cycle,23,x,10,0,random,0,,1,1344.0
cycle,23,x,10,0,random,0,,1,1181.0
cycle,23,x,10,0,random,0,,1,2624.0
cycle,23,x,10,0,random,0,,1,1656.0
cycle,23,x,10,0,random,0,,1,2638.0
cycle,23,x,10,0,random,0,,1,437.0
cycle,23,x,10,0,random,0,,1,1925.0
cycle,23,x,10,0,random,0,,1,1864.0
cycle,23,x,10,0,random,0,,1,1161.0
cycle,23,x,10,0,random,0,,1,818.0
cycle,23,x,10,0,random,0,,1,1053.0
cycle,23,x,10,0,random,0,,1,174.0
cycle,23,x,10,0,random,0,,1,513.0
cycle,23,x,10,0,random,0,,1,1019.0
cycle,23,x,10,0,random,0,,1,758.0
cycle,23,x,10,0,random,0,,1,1531.0
cycle,23,x,10,0,random,0,,1,1037.0
cycle,23,x,10,0,random,0,,1,998.0
cycle,23,x,10,0,random,0,,1,1485.0
cycle,23,x,10,0,random,0,,1,1632.0
cycle,23,x,10,0,random,0,,1,2082.0
cycle,23,x,10,0,random,0,,1,1434.0
cycle,23,x,10,0,random,0,,1,397.0
cycle,23,x,10,0,random,0,,1,1475.0
cycle,23,x,10,0,random,0,,1,1081.0
cycle,23,x,10,0,random,0,,1,981.0
cycle,23,x,10,0,random,0,,1,1114.0
cycle,23,x,10,0,random,0,,1,867.0
cycle,23,x,10,0,random,0,,1,1227.0
cycle,23,x,10,0,random,0,,1,1197.0
cycle,23,x,10,0,random,0,,0,
cycle,23,x,10,0,random,0,,1,1051.0
cycle,23,x,10,0,random,0,,1,426.0
cycle,23,x,10,0,random,0,,1,434.0
cycle,23,x,10,0,random,0,,1,870.0
cycle,23,x,10,0,random,0,,1,1871.0
cycle,23,x,10,0,random,0,,1,946.0
cycle,23,x,10,0,random,0,,1,1113.0
cycle,23,x,10,0,random,0,,1,879.0
cycle,23,x,10,0,random,0,,1,2501.0
cycle,23,x,10,0,random,0,,1,1316.0
cycle,23,x,10,0,random,0,,1,2587.0
cycle,23,x,10,0,random,0,,1,670.0
cycle,23,x,10,0,random,0,,1,1001.0
cycle,23,x,10,0,random,0,,0,
cycle,23,x,10,0,random,0,,1,7123.0
cycle,23,x,10,0,random,0,,1,1271.0
cycle,23,x,10,0,random,0,,1,2848.0
cycle,23,x,10,0,random,0,,1,903.0
cycle,23,x,10,0,random,0,,1,1717.0
cycle,23,x,10,0,random,0,,1,1094.0
cycle,23,x,10,0,random,0,,1,558.0
cycle,23,x,10,0,random,0,,1,719.0
cycle,23,x,10,0,random,0,,1,1758.0
cycle,23,x,10,0,random,0,,1,7991.0
cycle,23,x,10,0,random,0,,1,1185.0
cycle,23,x,10,0,random,0,,1,1699.0
cycle,23,x,10,0,random,0,,1,2138.0
cycle,23,x,10,0,random,0,,1,1672.0
cycle,23,x,10,0,random,0,,1,799.0
cycle,23,x,10,0,random,0,,1,1161.0
cycle,23,x,10,0,random,0,,0,
cycle,23,x,10,0,random,0,,1,2998.0
cycle,23,x,10,0,random,0,,1,1210.0
cycle,23,x,10,0,random,0,,1,357.0
cycle,23,x,10,0,random,0,,1,940.0
cycle,23,x,10,0,random,0,,1,511.0
cycle,23,x,10,0,random,0,,0,
cycle,23,x,10,0,random,0,,1,345.0
cycle,23,x,10,0,random,0,,0,
cycle,23,x,10,0,random,0,,1,886.0
cycle,23,x,10,0,random,0,,1,1596.0
cycle,23,x,10,0,random,0,,1,969.0
cycle,23,x,10,0,random,0,,1,1271.0
cycle,23,x,10,0,random,0,,1,1549.0
cycle,23,x,10,0,random,0,,1,461.0
cycle,23,x,10,0,random,0,,0,
cycle,23,x,10,0,random,0,,1,1839.0
cycle,23,x,10,0,random,0,,1,1706.0
cycle,23,x,10,0,random,0,,1,1524.0
cycle,23,x,10,0,random,0,,1,751.0
cycle,23,x,10,0,random,0,,0,
cycle,23,x,10,0,random,0,,1,1259.0
cycle,23,x,10,0,random,0,,1,380.0
cycle,23,x,10,0,random,0,,1,1629.0
cycle,23,x,10,0,random,0,,1,1091.0
cycle,23,x,10,0,random,0,,1,109.0
cycle,23,x,10,0,random,0,,1,1101.0
cycle,23,x,10,0,random,0,,1,834.0
cycle,23,x,10,0,random,0,,1,2508.0
cycle,23,x,10,0,random,0,,1,1488.0
cycle,23,x,10,0,random,0,,1,221.0
cycle,23,x,10,0,random,0,,1,470.0
cycle,23,x,10,0,random,0,,1,8492.0
cycle,23,x,10,0,random,0,,1,1293.0
cycle,23,x,10,0,random,0,,1,2565.0
cycle,23,x,10,0,random,0,,0,
cycle,24,x,10,0,random,0,,1,1291.0
cycle,24,x,10,0,random,0,,1,729.0
cycle,24,x,10,0,random,0,,1,1063.0
cycle,24,x,10,0,random,0,,1,1147.0
cycle,24,x,10,0,random,0,,1,1770.0
cycle,24,x,10,0,random,0,,1,1034.0
cycle,24,x,10,0,random,0,,1,1929.0
cycle,24,x,10,0,random,0,,1,7885.0
cycle,24,x,10,0,random,0,,1,6921.0
cycle,24,x,10,0,random,0,,1,262.0
cycle,24,x,10,0,random,0,,1,615.0
cycle,24,x,10,0,random,0,,1,933.0
cycle,24,x,10,0,random,0,,1,920.0
cycle,24,x,10,0,random,0,,1,1597.0
cycle,24,x,10,0,random,0,,1,2378.0
cycle,24,x,10,0,random,0,,1,1432.0
cycle,24,x,10,0,random,0,,1,1067.0
cycle,24,x,10,0,random,0,,1,7007.0
cycle,24,x,10,0,random,0,,1,640.0
cycle,24,x,10,0,random,0,,1,1777.0
cycle,24,x,10,0,random,0,,1,2223.0
cycle,24,x,10,0,random,0,,1,2641.0
cycle,24,x,10,0,random,0,,1,1463.0
cycle,24,x,10,0,random,0,,1,1623.0
cycle,24,x,10,0,random,0,,1,1905.0
cycle,24,x,10,0,random,0,,1,2445.0
cycle,24,x,10,0,random,0,,1,907.0
cycle,24,x,10,0,random,0,,0,
cycle,24,x,10,0,random,0,,1,7458.0
cycle,24,x,10,0,random,0,,1,1132.0
cycle,24,x,10,0,random,0,,1,7210.0
cycle,24,x,10,0,random,0,,1,497.0
cycle,24,x,10,0,random,0,,1,672.0
cycle,24,x,10,0,random,0,,1,1634.0
cycle,24,x,10,0,random,0,,1,1933.0
cycle,24,x,10,0,random,0,,1,2047.0
cycle,24,x,10,0,random,0,,1,4133.0
cycle,24,x,10,0,random,0,,1,595.0
cycle,24,x,10,0,random,0,,1,7674.0
cycle,24,x,10,0,random,0,,1,7563.0
cycle,24,x,10,0,random,0,,1,1681.0
cycle,24,x,10,0,random,0,,1,7398.0
cycle,24,x,10,0,random,0,,1,997.0
cycle,24,x,10,0,random,0,,1,585.0
cycle,24,x,10,0,random,0,,1,7104.0
cycle,24,x,10,0,random,0,,1,6851.0
cycle,24,x,10,0,random,0,,1,268.0
cycle,24,x,10,0,random,0,,1,1681.0
cycle,24,x,10,0,random,0,,1,8549.0
cycle,24,x,10,0,random,0,,1,1781.0
cycle,24,x,10,0,random,0,,1,762.0
cycle,24,x,10,0,random,0,,1,1219.0
cycle,24,x,10,0,random,0,,1,1193.0
cycle,24,x,10,0,random,0,,1,870.0
cycle,24,x,10,0,random,0,,1,823.0
cycle,24,x,10,0,random,0,,1,641.0
cycle,24,x,10,0,random,0,,1,615.0
cycle,24,x,10,0,random,0,,1,538.0
cycle,24,x,10,0,random,0,,1,1122.0
cycle,24,x,10,0,random,0,,1,995.0
cycle,24,x,10,0,random,0,,1,1136.0
cycle,24,x,10,0,random,0,,1,1857.0
cycle,24,x,10,0,random,0,,1,1336.0
cycle,24,x,10,0,random,0,,1,1262.0
cycle,24,x,10,0,random,0,,1,943.0
cycle,24,x,10,0,random,0,,1,1136.0
cycle,24,x,10,0,random,0,,1,7627.0
cycle,24,x,10,0,random,0,,1,661.0
cycle,24,x,10,0,random,0,,1,7475.0
cycle,24,x,10,0,random,0,,1,4178.0
cycle,24,x,10,0,random,0,,1,1219.0
cycle,24,x,10,0,random,0,,1,1064.0
cycle,24,x,10,0,random,0,,1,7368.0
cycle,24,x,10,0,random,0,,1,1255.0
cycle,24,x,10,0,random,0,,1,1463.0
cycle,24,x,10,0,random,0,,1,7431.0
cycle,24,x,10,0,random,0,,1,1309.0
cycle,24,x,10,0,random,0,,1,6785.0
cycle,24,x,10,0,random,0,,1,699.0
cycle,24,x,10,0,random,0,,1,1198.0
cycle,24,x,10,0,random,0,,1,619.0
cycle,24,x,10,0,random,0,,1,6979.0
cycle,24,x,10,0,random,0,,1,596.0
cycle,24,x,10,0,random,0,,1,1011.0
cycle,24,x,10,0,random,0,,1,807.0
cycle,24,x,10,0,random,0,,1,7289.0
cycle,24,x,10,0,random,0,,1,573.0
cycle,24,x,10,0,random,0,,1,1424.0
cycle,24,x,10,0,random,0,,1,1299.0
cycle,24,x,10,0,random,0,,1,605.0
cycle,24,x,10,0,random,0,,1,7151.0
cycle,24,x,10,0,random,0,,1,7437.0
cycle,24,x,10,0,random,0,,1,1213.0
cycle,24,x,10,0,random,0,,1,1846.0
cycle,24,x,10,0,random,0,,1,820.0
cycle,24,x,10,0,random,0,,1,1539.0
cycle,24,x,10,0,random,0,,1,2387.0
cycle,24,x,10,0,random,0,,1,1456.0
cycle,24,x,10,0,random,0,,1,7037.0
cycle,24,x,10,0,random,0,,1,498.0
cycle,25,x,10,0,random,0,,1,1063.0
cycle,25,x,10,0,random,0,,1,8410.0
cycle,25,x,10,0,random,0,,1,919.0
cycle,25,x,10,0,random,0,,0,
cycle,25,x,10,0,random,0,,1,2501.0
cycle,25,x,10,0,random,0,,1,1245.0
cycle,25,x,10,0,random,0,,1,296.0
cycle,25,x,10,0,random,0,,1,1699.0
cycle,25,x,10,0,random,0,,1,746.0
cycle,25,x,10,0,random,0,,1,1610.0
cycle,25,x,10,0,random,0,,1,1822.0
cycle,25,x,10,0,random,0,,1,1308.0
cycle,25,x,10,0,random,0,,1,2282.0
cycle,25,x,10,0,random,0,,1,773.0
cycle,25,x,10,0,random,0,,1,1351.0
cycle,25,x,10,0,random,0,,1,1011.0
cycle,25,x,10,0,random,0,,1,2280.0
cycle,25,x,10,0,random,0,,1,3058.0
cycle,25,x,10,0,random,0,,1,2685.0
cycle,25,x,10,0,random,0,,1,4273.0
cycle,25,x,10,0,random,0,,1,1300.0
cycle,25,x,10,0,random,0,,1,2003.0
cycle,25,x,10,0,random,0,,1,3386.0
cycle,25,x,10,0,random,0,,1,1935.0
cycle,25,x,10,0,random,0,,1,2008.0
cycle,25,x,10,0,random,0,,1,2884.0
cycle,25,x,10,0,random,0,,1,1639.0
cycle,25,x,10,0,random,0,,1,664.0
cycle,25,x,10,0,random,0,,1,833.0
cycle,25,x,10,0,random,0,,1,2006.0
cycle,25,x,10,0,random,0,,1,1196.0
cycle,25,x,10,0,random,0,,1,2132.0
cycle,25,x,10,0,random,0,,1,2296.0
cycle,25,x,10,0,random,0,,1,2483.0
cycle,25,x,10,0,random,0,,1,2058.0
cycle,25,x,10,0,random,0,,1,1949.0
cycle,25,x,10,0,random,0,,1,1020.0
cycle,25,x,10,0,random,0,,1,959.0
cycle,25,x,10,0,random,0,,1,886.0
cycle,25,x,10,0,random,0,,1,1366.0
cycle,25,x,10,0,random,0,,1,737.0
cycle,25,x,10,0,random,0,,1,1046.0
cycle,25,x,10,0,random,0,,1,2078.0
cycle,25,x,10,0,random,0,,1,583.0
cycle,25,x,10,0,random,0,,1,502.0
cycle,25,x,10,0,random,0,,1,412.0
cycle,25,x,10,0,random,0,,1,1054.0
cycle,25,x,10,0,random,0,,1,2665.0
cycle,25,x,10,0,random,0,,1,1555.0
cycle,25,x,10,0,random,0,,1,775.0
cycle,25,x,10,0,random,0,,1,889.0
cycle,25,x,10,0,random,0,,1,1789.0
cycle,25,x,10,0,random,0,,1,2079.0
cycle,25,x,10,0,random,0,,1,1194.0
cycle,25,x,10,0,random,0,,1,8317.0
cycle,25,x,10,0,random,0,,1,2714.0
cycle,25,x,10,0,random,0,,1,928.0
cycle,25,x,10,0,random,0,,1,974.0
cycle,25,x,10,0,random,0,,1,1804.0
cycle,25,x,10,0,random,0,,1,1401.0
cycle,25,x,10,0,random,0,,1,1850.0
cycle,25,x,10,0,random,0,,1,1145.0
cycle,25,x,10,0,random,0,,1,829.0
cycle,25,x,10,0,random,0,,1,651.0
cycle,25,x,10,0,random,0,,1,1815.0
cycle,25,x,10,0,random,0,,1,1961.0
cycle,25,x,10,0,random,0,,1,2258.0
cycle,25,x,10,0,random,0,,1,1886.0
cycle,25,x,10,0,random,0,,1,476.0
cycle,25,x,10,0,random,0,,1,1154.0
cycle,25,x,10,0,random,0,,1,1090.0
cycle,25,x,10,0,random,0,,1,952.0
cycle,25,x,10,0,random,0,,1,1857.0
cycle,25,x,10,0,random,0,,1,416.0
cycle,25,x,10,0,random,0,,1,3293.0
cycle,25,x,10,0,random,0,,1,693.0
cycle,25,x,10,0,random,0,,1,1261.0
cycle,25,x,10,0,random,0,,1,485.0
cycle,25,x,10,0,random,0,,1,1143.0
cycle,25,x,10,0,random,0,,1,1524.0
cycle,25,x,10,0,random,0,,1,1272.0
cycle,25,x,10,0,random,0,,1,2024.0
cycle,25,x,10,0,random,0,,1,1752.0
cycle,25,x,10,0,random,0,,1,1889.0
cycle,25,x,10,0,random,0,,0,
cycle,25,x,10,0,random,0,,1,978.0
cycle,25,x,10,0,random,0,,1,1940.0
cycle,25,x,10,0,random,0,,1,2395.0
cycle,25,x,10,0,random,0,,1,1328.0
cycle,25,x,10,0,random,0,,0,
cycle,25,x,10,0,random,0,,1,2344.0
cycle,25,x,10,0,random,0,,1,3011.0
cycle,25,x,10,0,random,0,,1,1275.0
cycle,25,x,10,0,random,0,,1,2610.0
cycle,25,x,10,0,random,0,,1,880.0
cycle,25,x,10,0,random,0,,1,1197.0
cycle,25,x,10,0,random,0,,1,2180.0
cycle,25,x,10,0,random,0,,1,3556.0
cycle,25,x,10,0,random,0,,1,8737.0
cycle,25,x,10,0,random,0,,1,1021.0
cycle,26,x,10,0,random,0,,1,4655.0
cycle,26,x,10,0,random,0,,1,340.0
cycle,26,x,10,0,random,0,,1,2227.0
cycle,26,x,10,0,random,0,,1,496.0
cycle,26,x,10,0,random,0,,1,1848.0
cycle,26,x,10,0,random,0,,1,8325.0
cycle,26,x,10,0,random,0,,1,590.0
cycle,26,x,10,0,random,0,,1,1425.0
cycle,26,x,10,0,random,0,,1,1711.0
cycle,26,x,10,0,random,0,,1,681.0
cycle,26,x,10,0,random,0,,1,4973.0
cycle,26,x,10,0,random,0,,1,1091.0
cycle,26,x,10,0,random,0,,1,748.0
cycle,26,x,10,0,random,0,,1,959.0
cycle,26,x,10,0,random,0,,1,2889.0
cycle,26,x,10,0,random,0,,1,1252.0
cycle,26,x,10,0,random,0,,1,5768.0
cycle,26,x,10,0,random,0,,1,457.0
cycle,26,x,10,0,random,0,,1,607.0
cycle,26,x,10,0,random,0,,1,839.0
cycle,26,x,10,0,random,0,,1,2097.0
cycle,26,x,10,0,random,0,,1,1535.0
cycle,26,x,10,0,random,0,,1,1436.0
cycle,26,x,10,0,random,0,,1,2096.0
cycle,26,x,10,0,random,0,,1,477.0
cycle,26,x,10,0,random,0,,1,4709.0
cycle,26,x,10,0,random,0,,1,1459.0
cycle,26,x,10,0,random,0,,1,5846.0
cycle,26,x,10,0,random,0,,1,965.0
cycle,26,x,10,0,random,0,,1,1469.0
cycle,26,x,10,0,random,0,,1,795.0
cycle,26,x,10,0,random,0,,1,431.0
cycle,26,x,10,0,random,0,,1,4711.0
cycle,26,x,10,0,random,0,,0,
cycle,26,x,10,0,random,0,,1,1177.0
cycle,26,x,10,0,random,0,,1,5489.0
cycle,26,x,10,0,random,0,,1,747.0
cycle,26,x,10,0,random,0,,1,1664.0
cycle,26,x,10,0,random,0,,1,435.0
cycle,26,x,10,0,random,0,,1,8132.0
cycle,26,x,10,0,random,0,,1,1299.0
cycle,26,x,10,0,random,0,,1,9064.0
cycle,26,x,10,0,random,0,,1,5547.0
cycle,26,x,10,0,random,0,,1,1497.0
cycle,26,x,10,0,random,0,,1,1160.0
cycle,26,x,10,0,random,0,,1,1056.0
cycle,26,x,10,0,random,0,,1,704.0
cycle,26,x,10,0,random,0,,1,1118.0
cycle,26,x,10,0,random,0,,1,2182.0
cycle,26,x,10,0,random,0,,1,853.0
cycle,26,x,10,0,random,0,,1,957.0
cycle,26,x,10,0,random,0,,1,2030.0
cycle,26,x,10,0,random,0,,1,802.0
cycle,26,x,10,0,random,0,,1,1275.0
cycle,26,x,10,0,random,0,,1,863.0
cycle,26,x,10,0,random,0,,1,1394.0
cycle,26,x,10,0,random,0,,1,1318.0
cycle,26,x,10,0,random,0,,1,5604.0
cycle,26,x,10,0,random,0,,1,447.0
cycle,26,x,10,0,random,0,,1,948.0
cycle,26,x,10,0,random,0,,1,406.0
cycle,26,x,10,0,random,0,,1,476.0
cycle,26,x,10,0,random,0,,1,690.0
cycle,26,x,10,0,random,0,,1,4255.0
cycle,26,x,10,0,random,0,,1,2778.0
cycle,26,x,10,0,random,0,,1,409.0
cycle,26,x,10,0,random,0,,1,3162.0
cycle,26,x,10,0,random,0,,1,1253.0
cycle,26,x,10,0,random,0,,1,741.0
cycle,26,x,10,0,random,0,,1,447.0
cycle,26,x,10,0,random,0,,1,7955.0
cycle,26,x,10,0,random,0,,1,832.0
cycle,26,x,10,0,random,0,,1,5393.0
cycle,26,x,10,0,random,0,,1,5029.0
cycle,26,x,10,0,random,0,,1,742.0
cycle,26,x,10,0,random,0,,1,945.0
cycle,26,x,10,0,random,0,,1,1078.0
cycle,26,x,10,0,random,0,,1,7920.0
cycle,26,x,10,0,random,0,,1,1169.0
cycle,26,x,10,0,random,0,,1,897.0
cycle,26,x,10,0,random,0,,1,918.0
cycle,26,x,10,0,random,0,,1,1796.0
cycle,26,x,10,0,random,0,,1,4360.0
cycle,26,x,10,0,random,0,,1,2064.0
cycle,26,x,10,0,random,0,,1,5060.0
cycle,26,x,10,0,random,0,,1,1829.0
cycle,26,x,10,0,random,0,,1,2286.0
cycle,26,x,10,0,random,0,,1,1548.0
cycle,26,x,10,0,random,0,,1,6280.0
cycle,26,x,10,0,random,0,,1,1799.0
cycle,26,x,10,0,random,0,,1,1020.0
cycle,26,x,10,0,random,0,,1,1431.0
cycle,26,x,10,0,random,0,,1,6048.0
cycle,26,x,10,0,random,0,,1,5069.0
cycle,26,x,10,0,random,0,,1,5424.0
cycle,26,x,10,0,random,0,,1,1094.0
cycle,26,x,10,0,random,0,,1,6020.0
cycle,26,x,10,0,random,0,,1,1289.0
cycle,26,x,10,0,random,0,,1,849.0
cycle,26,x,10,0,random,0,,1,1543.0
cycle,27,x,10,0,random,0,,1,1545.0
cycle,27,x,10,0,random,0,,1,2058.0
cycle,27,x,10,0,random,0,,1,6334.0
cycle,27,x,10,0,random,0,,0,
cycle,27,x,10,0,random,0,,1,1904.0
cycle,27,x,10,0,random,0,,1,465.0
cycle,27,x,10,0,random,0,,1,697.0
cycle,27,x,10,0,random,0,,1,2332.0
cycle,27,x,10,0,random,0,,1,1612.0
cycle,27,x,10,0,random,0,,1,2435.0
cycle,27,x,10,0,random,0,,1,470.0
cycle,27,x,10,0,random,0,,1,889.0
cycle,27,x,10,0,random,0,,1,2067.0
cycle,27,x,10,0,random,0,,1,5643.0
cycle,27,x,10,0,random,0,,1,827.0
cycle,27,x,10,0,random,0,,1,1747.0
cycle,27,x,10,0,random,0,,1,3315.0
cycle,27,x,10,0,random,0,,1,1246.0
cycle,27,x,10,0,random,0,,1,2140.0
cycle,27,x,10,0,random,0,,1,1875.0
cycle,27,x,10,0,random,0,,1,568.0
cycle,27,x,10,0,random,0,,1,1650.0
cycle,27,x,10,0,random,0,,1,3752.0
cycle,27,x,10,0,random,0,,1,989.0
cycle,27,x,10,0,random,0,,0,
cycle,27,x,10,0,random,0,,1,629.0
cycle,27,x,10,0,random,0,,1,660.0
cycle,27,x,10,0,random,0,,1,2777.0
cycle,27,x,10,0,random,0,,1,1049.0
cycle,27,x,10,0,random,0,,1,815.0
cycle,27,x,10,0,random,0,,1,2799.0
cycle,27,x,10,0,random,0,,1,2711.0
cycle,27,x,10,0,random,0,,1,2072.0
cycle,27,x,10,0,random,0,,1,1937.0
cycle,27,x,10,0,random,0,,1,1476.0
cycle,27,x,10,0,random,0,,1,856.0
cycle,27,x,10,0,random,0,,1,583.0
cycle,27,x,10,0,random,0,,1,1693.0
cycle,27,x,10,0,random,0,,1,1372.0
cycle,27,x,10,0,random,0,,1,2179.0
cycle,27,x,10,0,random,0,,1,602.0
cycle,27,x,10,0,random,0,,1,5933.0
cycle,27,x,10,0,random,0,,1,1191.0
cycle,27,x,10,0,random,0,,1,1787.0
cycle,27,x,10,0,random,0,,1,1369.0
cycle,27,x,10,0,random,0,,1,1034.0
cycle,27,x,10,0,random,0,,1,1482.0
cycle,27,x,10,0,random,0,,1,4194.0
cycle,27,x,10,0,random,0,,1,422.0
cycle,27,x,10,0,random,0,,1,1095.0
cycle,27,x,10,0,random,0,,1,1416.0
cycle,27,x,10,0,random,0,,1,3895.0
cycle,27,x,10,0,random,0,,1,2154.0
cycle,27,x,10,0,random,0,,0,
cycle,27,x,10,0,random,0,,1,1093.0
cycle,27,x,10,0,random,0,,1,1488.0
cycle,27,x,10,0,random,0,,1,703.0
cycle,27,x,10,0,random,0,,1,6037.0
cycle,27,x,10,0,random,0,,1,905.0
cycle,27,x,10,0,random,0,,1,3296.0
cycle,27,x,10,0,random,0,,1,1129.0
cycle,27,x,10,0,random,0,,1,1239.0
cycle,27,x,10,0,random,0,,0,
cycle,27,x,10,0,random,0,,1,1745.0
cycle,27,x,10,0,random,0,,1,2163.0
cycle,27,x,10,0,random,0,,1,2183.0
cycle,27,x,10,0,random,0,,1,3478.0
cycle,27,x,10,0,random,0,,1,1160.0
cycle,27,x,10,0,random,0,,1,513.0
cycle,27,x,10,0,random,0,,1,2384.0
cycle,27,x,10,0,random,0,,1,1273.0
cycle,27,x,10,0,random,0,,1,2148.0
cycle,27,x,10,0,random,0,,1,2226.0
cycle,27,x,10,0,random,0,,1,1301.0
cycle,27,x,10,0,random,0,,1,860.0
cycle,27,x,10,0,random,0,,1,2566.0
cycle,27,x,10,0,random,0,,0,
cycle,27,x,10,0,random,0,,1,6077.0
cycle,27,x,10,0,random,0,,1,1757.0
cycle,27,x,10,0,random,0,,1,1916.0
cycle,27,x,10,0,random,0,,1,2118.0
cycle,27,x,10,0,random,0,,1,2605.0
cycle,27,x,10,0,random,0,,1,1492.0
cycle,27,x,10,0,random,0,,1,1451.0
cycle,27,x,10,0,random,0,,1,897.0
cycle,27,x,10,0,random,0,,1,1002.0
cycle,27,x,10,0,random,0,,1,1081.0
cycle,27,x,10,0,random,0,,1,2005.0
cycle,27,x,10,0,random,0,,1,955.0
cycle,27,x,10,0,random,0,,1,2023.0
cycle,27,x,10,0,random,0,,1,1278.0
cycle,27,x,10,0,random,0,,0,
cycle,27,x,10,0,random,0,,0,
cycle,27,x,10,0,random,0,,1,671.0
cycle,27,x,10,0,random,0,,1,1490.0
cycle,27,x,10,0,random,0,,1,3118.0
cycle,27,x,10,0,random,0,,1,4729.0
cycle,27,x,10,0,random,0,,0,
cycle,27,x,10,0,random,0,,0,
cycle,27,x,10,0,random,0,,1,1981.0
cycle,28,x,10,0,random,0,,1,525.0
cycle,28,x,10,0,random,0,,1,1757.0
cycle,28,x,10,0,random,0,,1,2585.0
cycle,28,x,10,0,random,0,,1,2552.0
cycle,28,x,10,0,random,0,,1,1562.0
cycle,28,x,10,0,random,0,,1,1356.0
cycle,28,x,10,0,random,0,,1,1615.0
cycle,28,x,10,0,random,0,,1,2777.0
cycle,28,x,10,0,random,0,,1,1497.0
cycle,28,x,10,0,random,0,,1,1330.0
cycle,28,x,10,0,random,0,,1,913.0
cycle,28,x,10,0,random,0,,1,926.0
cycle,28,x,10,0,random,0,,1,675.0
cycle,28,x,10,0,random,0,,1,1712.0
cycle,28,x,10,0,random,0,,1,1506.0
cycle,28,x,10,0,random,0,,1,2749.0
cycle,28,x,10,0,random,0,,1,2389.0
cycle,28,x,10,0,random,0,,1,1534.0
cycle,28,x,10,0,random,0,,1,1014.0
cycle,28,x,10,0,random,0,,1,1052.0
cycle,28,x,10,0,random,0,,1,1315.0
cycle,28,x,10,0,random,0,,1,1825.0
cycle,28,x,10,0,random,0,,1,935.0
cycle,28,x,10,0,random,0,,1,1191.0
cycle,28,x,10,0,random,0,,1,1041.0
cycle,28,x,10,0,random,0,,1,5216.0
cycle,28,x,10,0,random,0,,1,1375.0
cycle,28,x,10,0,random,0,,1,5766.0
cycle,28,x,10,0,random,0,,1,986.0
cycle,28,x,10,0,random,0,,1,2389.0
cycle,28,x,10,0,random,0,,1,1833.0
cycle,28,x,10,0,random,0,,0,
cycle,28,x,10,0,random,0,,0,
cycle,28,x,10,0,random,0,,1,5003.0
cycle,28,x,10,0,random,0,,1,2137.0
cycle,28,x,10,0,random,0,,1,1146.0
cycle,28,x,10,0,random,0,,1,2831.0
cycle,28,x,10,0,random,0,,1,1463.0
cycle,28,x,10,0,random,0,,1,1553.0
cycle,28,x,10,0,random,0,,1,915.0
cycle,28,x,10,0,random,0,,1,7259.0
cycle,28,x,10,0,random,0,,1,1730.0
cycle,28,x,10,0,random,0,,0,
cycle,28,x,10,0,random,0,,1,1144.0
cycle,28,x,10,0,random,0,,1,512.0
cycle,28,x,10,0,random,0,,1,263.0
cycle,28,x,10,0,random,0,,1,1363.0
cycle,28,x,10,0,random,0,,0,
cycle,28,x,10,0,random,0,,1,1240.0
cycle,28,x,10,0,random,0,,1,2870.0
cycle,28,x,10,0,random,0,,1,3362.0
cycle,28,x,10,0,random,0,,1,1178.0
cycle,28,x,10,0,random,0,,1,6623.0
cycle,28,x,10,0,random,0,,1,2312.0
cycle,28,x,10,0,random,0,,1,1245.0
cycle,28,x,10,0,random,0,,1,1676.0
cycle,28,x,10,0,random,0,,1,3562.0
cycle,28,x,10,0,random,0,,1,979.0
cycle,28,x,10,0,random,0,,1,1804.0
cycle,28,x,10,0,random,0,,0,
cycle,28,x,10,0,random,0,,1,896.0
cycle,28,x,10,0,random,0,,1,1276.0
cycle,28,x,10,0,random,0,,1,1672.0
cycle,28,x,10,0,random,0,,1,5138.0
cycle,28,x,10,0,random,0,,1,1037.0
cycle,28,x,10,0,random,0,,1,3338.0
cycle,28,x,10,0,random,0,,0,
cycle,28,x,10,0,random,0,,1,1517.0
cycle,28,x,10,0,random,0,,1,3318.0
cycle,28,x,10,0,random,0,,1,5326.0
cycle,28,x,10,0,random,0,,1,2868.0
cycle,28,x,10,0,random,0,,1,3693.0
cycle,28,x,10,0,random,0,,1,1485.0
cycle,28,x,10,0,random,0,,1,2029.0
cycle,28,x,10,0,random,0,,0,
cycle,28,x,10,0,random,0,,1,1262.0
cycle,28,x,10,0,random,0,,1,911.0
cycle,28,x,10,0,random,0,,1,1206.0
cycle,28,x,10,0,random,0,,1,2104.0
cycle,28,x,10,0,random,0,,1,2033.0
cycle,28,x,10,0,random,0,,0,
cycle,28,x,10,0,random,0,,1,2340.0
cycle,28,x,10,0,random,0,,1,560.0
cycle,28,x,10,0,random,0,,1,4169.0
cycle,28,x,10,0,random,0,,1,1868.0
cycle,28,x,10,0,random,0,,1,3862.0
cycle,28,x,10,0,random,0,,1,1463.0
cycle,28,x,10,0,random,0,,1,3836.0
cycle,28,x,10,0,random,0,,1,1366.0
cycle,28,x,10,0,random,0,,1,1485.0
cycle,28,x,10,0,random,0,,1,1020.0
cycle,28,x,10,0,random,0,,1,2283.0
cycle,28,x,10,0,random,0,,1,1195.0
cycle,28,x,10,0,random,0,,1,974.0
cycle,28,x,10,0,random,0,,1,718.0
cycle,28,x,10,0,random,0,,0,
cycle,28,x,10,0,random,0,,1,1524.0
cycle,28,x,10,0,random,0,,1,2287.0
cycle,28,x,10,0,random,0,,1,4064.0
cycle,28,x,10,0,random,0,,1,1435.0
cycle,29,x,10,0,random,0,,1,2685.0
cycle,29,x,10,0,random,0,,1,2481.0
cycle,29,x,10,0,random,0,,0,
cycle,29,x,10,0,random,0,,1,3531.0
cycle,29,x,10,0,random,0,,1,3379.0
cycle,29,x,10,0,random,0,,0,
cycle,29,x,10,0,random,0,,1,1640.0
cycle,29,x,10,0,random,0,,1,1372.0
cycle,29,x,10,0,random,0,,1,1015.0
cycle,29,x,10,0,random,0,,1,1307.0
cycle,29,x,10,0,random,0,,1,638.0
cycle,29,x,10,0,random,0,,1,535.0
cycle,29,x,10,0,random,0,,0,
cycle,29,x,10,0,random,0,,1,1539.0
cycle,29,x,10,0,random,0,,0,
cycle,29,x,10,0,random,0,,1,2950.0
cycle,29,x,10,0,random,0,,1,342.0
cycle,29,x,10,0,random,0,,0,
cycle,29,x,10,0,random,0,,1,966.0
cycle,29,x,10,0,random,0,,1,1499.0
cycle,29,x,10,0,random,0,,0,
cycle,29,x,10,0,random,0,,1,1802.0
cycle,29,x,10,0,random,0,,1,2547.0
cycle,29,x,10,0,random,0,,0,
cycle,29,x,10,0,random,0,,1,9327.0
cycle,29,x,10,0,random,0,,1,550.0
cycle,29,x,10,0,random,0,,1,8538.0
cycle,29,x,10,0,random,0,,1,2690.0
cycle,29,x,10,0,random,0,,1,3661.0
cycle,29,x,10,0,random,0,,0,
cycle,29,x,10,0,random,0,,1,1261.0
cycle,29,x,10,0,random,0,,1,684.0
cycle,29,x,10,0,random,0,,1,1160.0
cycle,29,x,10,0,random,0,,1,2143.0
cycle,29,x,10,0,random,0,,0,
cycle,29,x,10,0,random,0,,1,850.0
cycle,29,x,10,0,random,0,,1,2540.0
cycle,29,x,10,0,random,0,,1,2413.0
cycle,29,x,10,0,random,0,,0,
cycle,29,x,10,0,random,0,,1,1074.0
cycle,29,x,10,0,random,0,,1,1818.0
cycle,29,x,10,0,random,0,,1,961.0
cycle,29,x,10,0,random,0,,1,1664.0
cycle,29,x,10,0,random,0,,1,2474.0
cycle,29,x,10,0,random,0,,1,1181.0
cycle,29,x,10,0,random,0,,1,1030.0
cycle,29,x,10,0,random,0,,1,1152.0
cycle,29,x,10,0,random,0,,1,2243.0
cycle,29,x,10,0,random,0,,1,1576.0
cycle,29,x,10,0,random,0,,1,705.0
cycle,29,x,10,0,random,0,,1,1763.0
cycle,29,x,10,0,random,0,,1,4024.0
cycle,29,x,10,0,random,0,,1,3517.0
cycle,29,x,10,0,random,0,,1,1434.0
cycle,29,x,10,0,random,0,,0,
cycle,29,x,10,0,random,0,,1,1346.0
cycle,29,x,10,0,random,0,,1,2736.0
cycle,29,x,10,0,random,0,,0,
cycle,29,x,10,0,random,0,,1,3033.0
cycle,29,x,10,0,random,0,,1,455.0
cycle,29,x,10,0,random,0,,1,2984.0
cycle,29,x,10,0,random,0,,0,
cycle,29,x,10,0,random,0,,1,2341.0
cycle,29,x,10,0,random,0,,1,1636.0
cycle,29,x,10,0,random,0,,1,2411.0
cycle,29,x,10,0,random,0,,0,
cycle,29,x,10,0,random,0,,1,3622.0
cycle,29,x,10,0,random,0,,1,4710.0
cycle,29,x,10,0,random,0,,1,2505.0
cycle,29,x,10,0,random,0,,1,611.0
cycle,29,x,10,0,random,0,,1,463.0
cycle,29,x,10,0,random,0,,1,2234.0
cycle,29,x,10,0,random,0,,1,778.0
cycle,29,x,10,0,random,0,,1,1566.0
cycle,29,x,10,0,random,0,,1,2551.0
cycle,29,x,10,0,random,0,,1,1027.0
cycle,29,x,10,0,random,0,,1,2752.0
cycle,29,x,10,0,random,0,,1,1082.0
cycle,29,x,10,0,random,0,,1,2226.0
cycle,29,x,10,0,random,0,,1,2358.0
cycle,29,x,10,0,random,0,,0,
cycle,29,x,10,0,random,0,,1,1398.0
cycle,29,x,10,0,random,0,,0,
cycle,29,x,10,0,random,0,,1,1322.0
cycle,29,x,10,0,random,0,,1,4419.0
cycle,29,x,10,0,random,0,,1,897.0
cycle,29,x,10,0,random,0,,1,602.0
cycle,29,x,10,0,random,0,,1,1271.0
cycle,29,x,10,0,random,0,,1,1243.0
cycle,29,x,10,0,random,0,,1,3394.0
cycle,29,x,10,0,random,0,,1,513.0
cycle,29,x,10,0,random,0,,1,3488.0
cycle,29,x,10,0,random,0,,1,1765.0
cycle,29,x,10,0,random,0,,0,
cycle,29,x,10,0,random,0,,1,1171.0
cycle,29,x,10,0,random,0,,1,3173.0
cycle,29,x,10,0,random,0,,1,1866.0
cycle,29,x,10,0,random,0,,1,1164.0
cycle,29,x,10,0,random,0,,1,4037.0
cycle,29,x,10,0,random,0,,1,2443.0
